TSLA,953.84
AAPL,139.47
GOOG,279.04
AMZN,589.15
TSLA,1375.04
AAPL,688.43
GOOG,801.88
AMZN,1084.13
TSLA,296.49
AAPL,855.99
GOOG,964.03
AMZN,845.65
TSLA,182.02
AAPL,1360.87
GOOG,752.12
AMZN,705.86
TSLA,1305.54
AAPL,368.14
GOOG,729.09
AMZN,1060.84
TSLA,841.87
AAPL,1339.35
GOOG,129.2
AMZN,1436.46
TSLA,616.78
AAPL,982.58
GOOG,985.5
AMZN,142.08
TSLA,323.27
AAPL,167.72
GOOG,1331.97
AMZN,490.38
TSLA,321.07
AAPL,1489.89
GOOG,672.7
AMZN,1161.3
TSLA,1175.69
AAPL,1253.91
GOOG,1129.59
AMZN,694.94
TSLA,1188.81
AAPL,433.66
GOOG,916.45
AMZN,575.34
TSLA,1496.39
AAPL,1204.82
GOOG,1312.82
AMZN,881.74
TSLA,1190.43
AAPL,880.96
GOOG,1481.18
AMZN,119.24
TSLA,177.84
AAPL,971.89
GOOG,945.34
AMZN,1339.76
TSLA,1128.38
AAPL,1123.52
GOOG,1413.52
AMZN,745.07
TSLA,709.12
AAPL,1342.57
GOOG,387.93
AMZN,1336.78
TSLA,529.58
AAPL,844.61
GOOG,1049.74
AMZN,1111.34
TSLA,1175.71
AAPL,469.47
GOOG,315.73
AMZN,1094.04
TSLA,783.94
AAPL,693.7
GOOG,1444.7
AMZN,1457.17
TSLA,713.9
AAPL,1409.7
GOOG,471.01
AMZN,1340.28
TSLA,252.96
AAPL,1023.21
GOOG,853.25
AMZN,1341.22
TSLA,1160.9
AAPL,728.56
GOOG,1318.11
AMZN,1000.78
TSLA,213.44
AAPL,186.48
GOOG,1374.27
AMZN,1177.72
TSLA,1499.69
AAPL,776.43
GOOG,218.83
AMZN,893.37
TSLA,283.52
AAPL,745.1
GOOG,205.45
AMZN,897.26
TSLA,876.36
AAPL,1448.01
GOOG,764.14
AMZN,677.04
TSLA,1054.16
AAPL,208.19
GOOG,318.5
AMZN,917.47
TSLA,1425.06
AAPL,1413.39
GOOG,758.55
AMZN,1078.95
TSLA,749.32
AAPL,129.55
GOOG,418.48
AMZN,1369.3
TSLA,671.35
AAPL,1321.63
GOOG,548.41
AMZN,1487.97
TSLA,575.02
AAPL,978.57
GOOG,541.26
AMZN,624.34
TSLA,534.51
AAPL,925.83
GOOG,766.58
AMZN,989.7
TSLA,1254.31
AAPL,856.19
GOOG,1300.93
AMZN,417.32
TSLA,1455.4
AAPL,659.11
GOOG,436.44
AMZN,598.2
TSLA,478.24
AAPL,164.22
GOOG,644.4
AMZN,379.2
TSLA,1233.65
AAPL,727.28
GOOG,463.76
AMZN,1091.96
TSLA,1025.04
AAPL,1378.6
GOOG,966.41
AMZN,1401.59
TSLA,414.17
AAPL,232.4
GOOG,131.33
AMZN,1268.11
TSLA,936.99
AAPL,633.48
GOOG,227.11
AMZN,1236.8
TSLA,1431.99
AAPL,115.3
GOOG,819.87
AMZN,1108.18
TSLA,1349.83
AAPL,521.64
GOOG,250.29
AMZN,426.55
TSLA,150.16
AAPL,488.91
GOOG,155.8
AMZN,1450.33
TSLA,1175.29
AAPL,374.37
GOOG,1106.31
AMZN,829.32
TSLA,528.95
AAPL,1402.24
GOOG,747.54
AMZN,1097.17
TSLA,174.34
AAPL,407.85
GOOG,553.35
AMZN,641.26
TSLA,661.8
AAPL,978.54
GOOG,174.01
AMZN,528.17
TSLA,381.75
AAPL,1291.69
GOOG,493.48
AMZN,1126.5
TSLA,228.58
AAPL,1130.71
GOOG,326.49
AMZN,993.57
TSLA,646.12
AAPL,1181.04
GOOG,1146.87
AMZN,1012.34
TSLA,923.67
AAPL,673.79
GOOG,1065.6
AMZN,309.01
TSLA,1360.16
AAPL,428.33
GOOG,1033.31
AMZN,411.66
TSLA,114.53
AAPL,164.53
GOOG,369.11
AMZN,632.0
TSLA,466.6
AAPL,1108.5
GOOG,1098.58
AMZN,920.1
TSLA,617.49
AAPL,1096.75
GOOG,753.42
AMZN,312.57
TSLA,592.24
AAPL,153.05
GOOG,133.91
AMZN,220.04
TSLA,1451.24
AAPL,216.75
GOOG,755.13
AMZN,1252.64
TSLA,537.4
AAPL,489.69
GOOG,1449.23
AMZN,765.53
TSLA,682.19
AAPL,387.13
GOOG,167.34
AMZN,290.31
TSLA,369.41
AAPL,1446.43
GOOG,1079.63
AMZN,991.93
TSLA,1140.59
AAPL,1343.98
GOOG,941.36
AMZN,275.19
TSLA,1369.98
AAPL,358.27
GOOG,297.64
AMZN,769.44
TSLA,307.85
AAPL,908.59
GOOG,630.73
AMZN,1014.7
TSLA,1102.86
AAPL,389.33
GOOG,354.9
AMZN,859.99
TSLA,1482.19
AAPL,1464.52
GOOG,1101.67
AMZN,674.66
TSLA,221.42
AAPL,289.73
GOOG,1103.1
AMZN,1226.4
TSLA,481.14
AAPL,268.99
GOOG,770.43
AMZN,416.01
TSLA,918.64
AAPL,1039.93
GOOG,914.16
AMZN,927.21
TSLA,1113.21
AAPL,1082.92
GOOG,1199.65
AMZN,1056.16
TSLA,1332.47
AAPL,1461.54
GOOG,1466.09
AMZN,823.08
TSLA,134.23
AAPL,1244.57
GOOG,1248.65
AMZN,172.06
TSLA,920.72
AAPL,787.19
GOOG,497.33
AMZN,901.71
TSLA,904.68
AAPL,476.64
GOOG,991.57
AMZN,599.68
TSLA,1410.6
AAPL,179.18
GOOG,146.18
AMZN,1226.09
TSLA,634.76
AAPL,274.1
GOOG,1007.76
AMZN,545.76
TSLA,737.79
AAPL,1151.91
GOOG,145.07
AMZN,208.24
TSLA,717.31
AAPL,1396.03
GOOG,1117.32
AMZN,1397.63
TSLA,1265.32
AAPL,941.39
GOOG,179.4
AMZN,518.88
TSLA,435.0
AAPL,206.7
GOOG,621.94
AMZN,1092.71
TSLA,1018.89
AAPL,488.11
GOOG,574.23
AMZN,1176.77
TSLA,526.68
AAPL,1197.82
GOOG,809.1
AMZN,351.66
TSLA,333.0
AAPL,1159.18
GOOG,417.67
AMZN,1249.01
TSLA,354.05
AAPL,786.08
GOOG,1058.64
AMZN,1165.31
TSLA,659.21
AAPL,1047.46
GOOG,1304.65
AMZN,1180.61
TSLA,372.51
AAPL,264.6
GOOG,1096.23
AMZN,502.26
TSLA,1004.55
AAPL,759.95
GOOG,297.38
AMZN,761.06
TSLA,849.13
AAPL,1380.89
GOOG,632.88
AMZN,341.46
TSLA,619.99
AAPL,245.13
GOOG,1438.61
AMZN,397.03
TSLA,345.58
AAPL,363.66
GOOG,808.88
AMZN,267.45
TSLA,755.75
AAPL,365.3
GOOG,1191.94
AMZN,112.01
TSLA,147.86
AAPL,1461.88
GOOG,352.8
AMZN,1258.35
TSLA,256.62
AAPL,284.1
GOOG,784.8
AMZN,498.05
TSLA,1275.17
AAPL,1132.07
GOOG,509.39
AMZN,1333.02
TSLA,215.42
AAPL,144.13
GOOG,445.92
AMZN,757.15
TSLA,1198.52
AAPL,1325.34
GOOG,1454.68
AMZN,120.62
TSLA,429.47
AAPL,217.56
GOOG,991.57
AMZN,1236.1
TSLA,997.45
AAPL,1323.75
GOOG,893.93
AMZN,306.71
TSLA,774.75
AAPL,1407.96
GOOG,244.33
AMZN,1440.09
TSLA,1441.57
AAPL,699.95
GOOG,1313.04
AMZN,786.93
TSLA,125.07
AAPL,820.94
GOOG,881.12
AMZN,259.25
TSLA,898.97
AAPL,453.51
GOOG,197.68
AMZN,1080.87
TSLA,137.86
AAPL,850.49
GOOG,348.31
AMZN,1489.48
TSLA,639.12
AAPL,1267.03
GOOG,1020.5
AMZN,164.5
TSLA,730.74
AAPL,1200.97
GOOG,1206.98
AMZN,387.37
TSLA,1389.23
AAPL,1414.68
GOOG,733.49
AMZN,966.73
TSLA,121.14
AAPL,660.48
GOOG,105.46
AMZN,1242.59
TSLA,856.91
AAPL,1031.7
GOOG,1162.7
AMZN,1389.01
TSLA,1420.97
AAPL,232.05
GOOG,943.63
AMZN,202.93
TSLA,1276.47
AAPL,699.13
GOOG,163.97
AMZN,684.27
TSLA,748.97
AAPL,1328.26
GOOG,457.71
AMZN,1364.17
TSLA,736.03
AAPL,1252.57
GOOG,321.11
AMZN,1487.74
TSLA,154.19
AAPL,1495.26
GOOG,543.95
AMZN,125.68
TSLA,457.6
AAPL,1437.31
GOOG,1236.81
AMZN,1113.49
TSLA,1149.5
AAPL,1305.28
GOOG,921.99
AMZN,1473.24
TSLA,827.64
AAPL,1034.21
GOOG,1079.71
AMZN,1189.4
TSLA,373.98
AAPL,1331.5
GOOG,918.99
AMZN,964.63
TSLA,399.39
AAPL,990.68
GOOG,657.22
AMZN,182.75
TSLA,712.35
AAPL,805.9
GOOG,993.03
AMZN,1036.2
TSLA,1280.17
AAPL,900.51
GOOG,1400.64
AMZN,566.49
TSLA,229.4
AAPL,1269.57
GOOG,382.8
AMZN,484.28
TSLA,306.61
AAPL,821.12
GOOG,177.5
AMZN,615.74
TSLA,109.61
AAPL,416.89
GOOG,942.55
AMZN,638.9
TSLA,1408.6
AAPL,1217.72
GOOG,702.83
AMZN,423.45
TSLA,942.63
AAPL,356.98
GOOG,1100.17
AMZN,1006.79
TSLA,918.56
AAPL,1134.14
GOOG,625.83
AMZN,1028.44
TSLA,298.2
AAPL,1255.44
GOOG,727.22
AMZN,774.3
TSLA,744.29
AAPL,381.24
GOOG,1358.04
AMZN,897.39
TSLA,1038.0
AAPL,1239.6
GOOG,161.78
AMZN,480.46
TSLA,367.98
AAPL,1080.75
GOOG,637.73
AMZN,604.97
TSLA,875.78
AAPL,1019.26
GOOG,690.65
AMZN,491.32
TSLA,1388.86
AAPL,169.17
GOOG,275.0
AMZN,925.17
TSLA,728.07
AAPL,615.57
GOOG,1003.42
AMZN,201.49
TSLA,817.39
AAPL,997.94
GOOG,1129.56
AMZN,995.44
TSLA,1188.84
AAPL,686.3
GOOG,401.3
AMZN,1487.05
TSLA,919.59
AAPL,761.06
GOOG,478.5
AMZN,763.43
TSLA,272.27
AAPL,421.39
GOOG,1280.66
AMZN,1492.89
TSLA,164.9
AAPL,418.06
GOOG,1291.06
AMZN,1082.85
TSLA,1307.79
AAPL,319.61
GOOG,330.2
AMZN,317.65
TSLA,113.74
AAPL,267.22
GOOG,1304.53
AMZN,431.39
TSLA,720.08
AAPL,263.91
GOOG,1272.41
AMZN,641.13
TSLA,475.29
AAPL,1123.93
GOOG,1107.04
AMZN,589.88
TSLA,184.39
AAPL,1429.52
GOOG,951.52
AMZN,1339.88
TSLA,671.09
AAPL,1408.95
GOOG,500.41
AMZN,178.67
TSLA,262.43
AAPL,752.46
GOOG,585.98
AMZN,1453.36
TSLA,1237.27
AAPL,1132.7
GOOG,633.57
AMZN,611.06
TSLA,936.85
AAPL,1405.43
GOOG,203.64
AMZN,481.58
TSLA,630.86
AAPL,1172.54
GOOG,204.62
AMZN,383.91
TSLA,265.87
AAPL,223.67
GOOG,122.33
AMZN,851.85
TSLA,584.26
AAPL,1201.72
GOOG,965.37
AMZN,183.3
TSLA,941.7
AAPL,1297.97
GOOG,932.99
AMZN,450.56
TSLA,970.03
AAPL,873.13
GOOG,739.47
AMZN,302.89
TSLA,436.68
AAPL,380.65
GOOG,391.25
AMZN,491.83
TSLA,1084.09
AAPL,1442.9
GOOG,342.52
AMZN,1014.31
TSLA,156.12
AAPL,181.24
GOOG,811.41
AMZN,617.91
TSLA,1224.95
AAPL,782.11
GOOG,819.73
AMZN,833.05
TSLA,592.59
AAPL,618.47
GOOG,1394.69
AMZN,613.93
TSLA,1306.45
AAPL,953.41
GOOG,354.55
AMZN,576.39
TSLA,1200.8
AAPL,896.92
GOOG,189.59
AMZN,1120.56
TSLA,1113.1
AAPL,1351.86
GOOG,797.25
AMZN,1266.9
TSLA,990.95
AAPL,243.69
GOOG,699.3
AMZN,1372.54
TSLA,958.62
AAPL,811.44
GOOG,335.24
AMZN,1435.05
TSLA,1202.66
AAPL,308.71
GOOG,1312.62
AMZN,886.83
TSLA,1033.98
AAPL,282.16
GOOG,460.48
AMZN,795.81
TSLA,1398.54
AAPL,162.38
GOOG,1074.8
AMZN,644.33
TSLA,1337.63
AAPL,878.48
GOOG,1145.77
AMZN,1491.52
TSLA,1233.61
AAPL,188.16
GOOG,980.63
AMZN,307.62
TSLA,704.68
AAPL,740.64
GOOG,1281.96
AMZN,1126.17
TSLA,916.18
AAPL,1280.92
GOOG,547.13
AMZN,472.45
TSLA,1155.9
AAPL,1352.51
GOOG,1387.03
AMZN,1278.7
TSLA,625.38
AAPL,756.28
GOOG,1022.97
AMZN,1138.76
TSLA,452.81
AAPL,890.52
GOOG,965.55
AMZN,560.0
TSLA,1081.69
AAPL,1339.21
GOOG,441.71
AMZN,889.37
TSLA,1246.78
AAPL,766.56
GOOG,1012.71
AMZN,1273.31
TSLA,941.06
AAPL,304.66
GOOG,995.51
AMZN,1252.4
TSLA,1204.15
AAPL,890.52
GOOG,1493.11
AMZN,1228.04
TSLA,1370.95
AAPL,892.62
GOOG,796.87
AMZN,1034.61
TSLA,1009.6
AAPL,509.87
GOOG,979.75
AMZN,1293.91
TSLA,472.3
AAPL,123.7
GOOG,145.64
AMZN,777.79
TSLA,889.51
AAPL,1394.19
GOOG,187.21
AMZN,108.07
TSLA,629.3
AAPL,359.67
GOOG,676.84
AMZN,929.36
TSLA,486.0
AAPL,1152.4
GOOG,819.61
AMZN,278.86
TSLA,1390.81
AAPL,476.11
GOOG,396.06
AMZN,1034.31
TSLA,369.87
AAPL,705.78
GOOG,456.3
AMZN,372.32
TSLA,633.51
AAPL,533.94
GOOG,261.45
AMZN,501.43
TSLA,910.47
AAPL,331.74
GOOG,347.13
AMZN,920.13
TSLA,399.16
AAPL,1478.72
GOOG,784.09
AMZN,910.55
TSLA,1216.69
AAPL,740.77
GOOG,487.37
AMZN,1265.88
TSLA,309.15
AAPL,1193.44
GOOG,275.87
AMZN,595.16
TSLA,1245.63
AAPL,1243.59
GOOG,614.32
AMZN,404.79
TSLA,398.86
AAPL,1494.07
GOOG,711.12
AMZN,1015.21
TSLA,1268.44
AAPL,989.01
GOOG,448.24
AMZN,782.88
TSLA,904.36
AAPL,1101.38
GOOG,412.86
AMZN,794.51
TSLA,460.89
AAPL,1273.49
GOOG,351.87
AMZN,634.87
TSLA,1109.71
AAPL,434.04
GOOG,1045.42
AMZN,797.89
TSLA,1165.75
AAPL,433.19
GOOG,1119.93
AMZN,1263.83
TSLA,200.36
AAPL,1321.83
GOOG,908.3
AMZN,132.28
TSLA,990.35
AAPL,696.88
GOOG,1361.27
AMZN,644.68
TSLA,310.79
AAPL,1158.96
GOOG,628.75
AMZN,479.05
TSLA,628.33
AAPL,725.82
GOOG,1233.73
AMZN,1401.14
TSLA,551.57
AAPL,391.6
GOOG,1453.46
AMZN,919.8
TSLA,1449.76
AAPL,492.2
GOOG,553.84
AMZN,301.58
TSLA,728.77
AAPL,180.92
GOOG,1293.22
AMZN,1129.02
TSLA,1409.76
AAPL,277.81
GOOG,1295.93
AMZN,1352.13
TSLA,565.7
AAPL,154.75
GOOG,313.21
AMZN,1149.05
TSLA,445.5
AAPL,404.96
GOOG,123.88
AMZN,150.29
TSLA,597.46
AAPL,1266.28
GOOG,1223.61
AMZN,589.95
TSLA,535.03
AAPL,1426.05
GOOG,354.64
AMZN,1199.33
TSLA,560.11
AAPL,134.58
GOOG,1253.37
AMZN,1320.38
TSLA,789.31
AAPL,765.42
GOOG,680.42
AMZN,617.73
TSLA,1146.9
AAPL,1467.69
GOOG,416.83
AMZN,1003.51
TSLA,943.24
AAPL,316.07
GOOG,1371.33
AMZN,1117.57
TSLA,132.64
AAPL,1057.18
GOOG,1198.39
AMZN,677.66
TSLA,811.09
AAPL,776.2
GOOG,1222.25
AMZN,247.73
TSLA,790.36
AAPL,1498.02
GOOG,154.51
AMZN,139.78
TSLA,589.13
AAPL,729.38
GOOG,513.64
AMZN,1424.1
TSLA,905.2
AAPL,714.82
GOOG,933.31
AMZN,310.77
TSLA,945.44
AAPL,403.66
GOOG,574.41
AMZN,1483.14
TSLA,400.99
AAPL,1259.8
GOOG,708.61
AMZN,1141.02
TSLA,1268.75
AAPL,1075.24
GOOG,1061.08
AMZN,136.18
TSLA,973.71
AAPL,1417.61
GOOG,636.67
AMZN,926.49
TSLA,344.1
AAPL,1328.71
GOOG,1090.9
AMZN,781.75
TSLA,859.57
AAPL,1170.98
GOOG,1399.77
AMZN,412.38
TSLA,644.06
AAPL,396.59
GOOG,1104.6
AMZN,1289.99
TSLA,266.03
AAPL,1192.78
GOOG,777.59
AMZN,1167.18
TSLA,803.32
AAPL,881.38
GOOG,717.52
AMZN,935.25
TSLA,653.23
AAPL,1234.92
GOOG,1274.97
AMZN,1498.86
TSLA,521.91
AAPL,513.9
GOOG,257.78
AMZN,1378.07
TSLA,350.5
AAPL,654.06
GOOG,830.25
AMZN,699.65
TSLA,500.42
AAPL,784.16
GOOG,113.99
AMZN,1097.53
TSLA,652.48
AAPL,1359.13
GOOG,388.14
AMZN,1140.75
TSLA,1318.27
AAPL,1184.23
GOOG,517.03
AMZN,1442.15
TSLA,820.1
AAPL,273.28
GOOG,328.09
AMZN,451.33
TSLA,784.71
AAPL,299.17
GOOG,1182.51
AMZN,941.05
TSLA,590.75
AAPL,705.72
GOOG,112.65
AMZN,350.76
TSLA,835.99
AAPL,611.48
GOOG,623.03
AMZN,922.32
TSLA,305.06
AAPL,223.26
GOOG,1427.94
AMZN,1440.53
TSLA,1198.62
AAPL,492.29
GOOG,473.35
AMZN,764.4
TSLA,995.6
AAPL,1248.42
GOOG,1309.73
AMZN,557.58
TSLA,259.44
AAPL,936.93
GOOG,701.3
AMZN,553.24
TSLA,911.35
AAPL,1406.54
GOOG,804.78
AMZN,1244.41
TSLA,114.48
AAPL,1218.58
GOOG,1059.29
AMZN,1174.2
TSLA,381.43
AAPL,1082.72
GOOG,1144.73
AMZN,452.76
TSLA,1010.41
AAPL,1037.0
GOOG,786.03
AMZN,904.92
TSLA,781.77
AAPL,1314.28
GOOG,849.01
AMZN,1104.77
TSLA,369.92
AAPL,469.59
GOOG,1165.27
AMZN,233.22
TSLA,307.46
AAPL,699.04
GOOG,361.38
AMZN,1279.41
TSLA,802.48
AAPL,1052.81
GOOG,1193.52
AMZN,250.8
TSLA,351.69
AAPL,874.47
GOOG,244.75
AMZN,1493.38
TSLA,828.77
AAPL,1389.44
GOOG,1262.26
AMZN,1278.28
TSLA,1222.87
AAPL,435.45
GOOG,716.32
AMZN,192.48
TSLA,1314.37
AAPL,1476.32
GOOG,1112.9
AMZN,434.6
TSLA,184.78
AAPL,130.07
GOOG,1459.99
AMZN,456.34
TSLA,472.52
AAPL,1257.51
GOOG,479.04
AMZN,530.19
TSLA,399.62
AAPL,216.3
GOOG,336.24
AMZN,975.54
TSLA,879.91
AAPL,852.84
GOOG,774.27
AMZN,631.18
TSLA,398.45
AAPL,1307.55
GOOG,492.61
AMZN,124.81
TSLA,979.21
AAPL,994.41
GOOG,1300.89
AMZN,438.67
TSLA,262.92
AAPL,459.74
GOOG,387.49
AMZN,510.31
TSLA,1453.62
AAPL,1081.45
GOOG,375.59
AMZN,592.55
TSLA,887.7
AAPL,134.53
GOOG,389.59
AMZN,968.38
TSLA,953.15
AAPL,1132.35
GOOG,1288.87
AMZN,417.56
TSLA,1087.72
AAPL,424.8
GOOG,782.66
AMZN,1135.08
TSLA,190.32
AAPL,122.82
GOOG,1289.62
AMZN,767.93
TSLA,586.69
AAPL,894.99
GOOG,1343.07
AMZN,844.96
TSLA,347.48
AAPL,524.82
GOOG,635.07
AMZN,968.46
TSLA,436.03
AAPL,1282.04
GOOG,463.87
AMZN,296.36
TSLA,588.16
AAPL,539.3
GOOG,892.87
AMZN,540.5
TSLA,274.77
AAPL,567.94
GOOG,1224.84
AMZN,1127.51
TSLA,1121.92
AAPL,1044.37
GOOG,994.91
AMZN,255.11
TSLA,392.43
AAPL,315.78
GOOG,334.94
AMZN,299.01
TSLA,312.96
AAPL,927.78
GOOG,1249.01
AMZN,533.4
TSLA,446.49
AAPL,1288.46
GOOG,702.98
AMZN,503.28
TSLA,1259.6
AAPL,999.49
GOOG,1404.48
AMZN,1147.19
TSLA,1461.78
AAPL,1143.84
GOOG,927.09
AMZN,551.88
TSLA,342.73
AAPL,1366.1
GOOG,616.0
AMZN,1029.48
TSLA,659.6
AAPL,443.38
GOOG,530.46
AMZN,325.33
TSLA,398.1
AAPL,1309.84
GOOG,137.5
AMZN,250.2
TSLA,373.98
AAPL,1490.41
GOOG,674.47
AMZN,1025.98
TSLA,1211.46
AAPL,238.03
GOOG,513.97
AMZN,857.4
TSLA,1266.42
AAPL,349.76
GOOG,842.9
AMZN,665.98
TSLA,562.31
AAPL,453.79
GOOG,747.32
AMZN,115.57
TSLA,1080.65
AAPL,570.65
GOOG,1296.86
AMZN,751.93
TSLA,299.47
AAPL,1016.25
GOOG,726.32
AMZN,1251.1
TSLA,1295.25
AAPL,1254.27
GOOG,920.16
AMZN,692.36
TSLA,123.3
AAPL,1142.13
GOOG,836.55
AMZN,1027.23
TSLA,1378.58
AAPL,1377.07
GOOG,983.37
AMZN,1113.65
TSLA,668.56
AAPL,964.08
GOOG,673.94
AMZN,190.35
TSLA,920.59
AAPL,880.81
GOOG,581.22
AMZN,1369.41
TSLA,794.38
AAPL,226.87
GOOG,1058.5
AMZN,1195.26
TSLA,748.07
AAPL,229.02
GOOG,708.26
AMZN,816.49
TSLA,339.17
AAPL,915.95
GOOG,1425.38
AMZN,492.32
TSLA,1142.53
AAPL,812.51
GOOG,570.74
AMZN,1276.6
TSLA,827.45
AAPL,1418.76
GOOG,221.51
AMZN,720.19
TSLA,969.85
AAPL,755.8
GOOG,1437.85
AMZN,746.43
TSLA,1044.8
AAPL,716.52
GOOG,1280.59
AMZN,1377.86
TSLA,526.56
AAPL,845.85
GOOG,767.89
AMZN,1070.5
TSLA,106.99
AAPL,418.64
GOOG,1008.6
AMZN,1179.49
TSLA,1469.73
AAPL,1163.38
GOOG,1171.2
AMZN,357.39
TSLA,1155.68
AAPL,753.55
GOOG,218.5
AMZN,892.3
TSLA,1147.6
AAPL,1189.78
GOOG,1113.73
AMZN,188.97
TSLA,1409.03
AAPL,141.8
GOOG,1411.79
AMZN,1298.29
TSLA,460.65
AAPL,928.24
GOOG,1301.05
AMZN,538.36
TSLA,1450.77
AAPL,252.95
GOOG,114.12
AMZN,1355.56
TSLA,1495.41
AAPL,899.86
GOOG,1404.9
AMZN,135.71
TSLA,321.59
AAPL,589.09
GOOG,277.52
AMZN,708.93
TSLA,381.29
AAPL,787.18
GOOG,1367.3
AMZN,471.95
TSLA,336.47
AAPL,526.78
GOOG,1080.24
AMZN,1168.32
TSLA,118.2
AAPL,1345.66
GOOG,1353.29
AMZN,1474.02
TSLA,237.79
AAPL,1248.53
GOOG,1486.78
AMZN,694.39
TSLA,986.33
AAPL,403.81
GOOG,625.59
AMZN,123.06
TSLA,746.76
AAPL,1123.59
GOOG,655.05
AMZN,207.35
TSLA,694.93
AAPL,942.86
GOOG,1292.45
AMZN,1029.38
TSLA,1469.84
AAPL,195.89
GOOG,763.75
AMZN,1000.28
TSLA,1088.48
AAPL,605.13
GOOG,1016.32
AMZN,182.66
TSLA,590.14
AAPL,629.88
GOOG,834.37
AMZN,1137.98
TSLA,775.26
AAPL,883.5
GOOG,1029.49
AMZN,441.34
TSLA,505.68
AAPL,1290.0
GOOG,490.9
AMZN,390.38
TSLA,1044.59
AAPL,1247.54
GOOG,694.29
AMZN,1482.98
TSLA,1399.66
AAPL,310.01
GOOG,552.6
AMZN,1265.32
TSLA,733.32
AAPL,1065.95
GOOG,879.87
AMZN,843.72
TSLA,935.89
AAPL,252.16
GOOG,664.81
AMZN,816.19
TSLA,617.54
AAPL,586.55
GOOG,573.18
AMZN,654.62
TSLA,374.06
AAPL,1439.55
GOOG,1298.12
AMZN,345.07
TSLA,561.03
AAPL,902.34
GOOG,285.78
AMZN,345.24
TSLA,974.74
AAPL,855.4
GOOG,1273.18
AMZN,876.83
TSLA,392.92
AAPL,943.95
GOOG,845.06
AMZN,204.09
TSLA,461.58
AAPL,708.1
GOOG,1474.47
AMZN,424.7
TSLA,204.4
AAPL,800.36
GOOG,1076.15
AMZN,896.6
TSLA,1223.9
AAPL,1211.68
GOOG,1486.96
AMZN,352.97
TSLA,671.94
AAPL,1149.52
GOOG,871.65
AMZN,116.24
TSLA,1440.26
AAPL,1076.21
GOOG,368.07
AMZN,307.48
TSLA,1302.55
AAPL,1432.14
GOOG,834.72
AMZN,1464.69
TSLA,1424.53
AAPL,707.9
GOOG,645.74
AMZN,567.54
TSLA,1014.58
AAPL,374.92
GOOG,261.84
AMZN,139.32
TSLA,919.6
AAPL,605.79
GOOG,515.87
AMZN,712.78
TSLA,568.07
AAPL,826.56
GOOG,1239.44
AMZN,1398.51
TSLA,180.88
AAPL,669.07
GOOG,1382.48
AMZN,119.94
TSLA,1465.08
AAPL,935.23
GOOG,577.62
AMZN,1263.5
TSLA,385.44
AAPL,988.86
GOOG,1049.97
AMZN,1097.99
TSLA,291.25
AAPL,146.99
GOOG,1128.33
AMZN,1110.82
TSLA,106.01
AAPL,708.59
GOOG,640.88
AMZN,557.0
TSLA,1102.28
AAPL,432.12
GOOG,1492.7
AMZN,1034.14
TSLA,1305.77
AAPL,976.38
GOOG,1395.31
AMZN,1137.44
TSLA,1040.37
AAPL,531.44
GOOG,1068.19
AMZN,503.32
TSLA,1323.82
AAPL,1023.64
GOOG,1496.06
AMZN,1081.58
TSLA,702.74
AAPL,981.58
GOOG,511.48
AMZN,1295.17
TSLA,202.93
AAPL,418.87
GOOG,382.95
AMZN,765.02
TSLA,332.05
AAPL,1218.0
GOOG,474.04
AMZN,750.82
TSLA,131.13
AAPL,1333.26
GOOG,808.09
AMZN,1394.28
TSLA,1479.22
AAPL,354.78
GOOG,366.7
AMZN,1385.64
TSLA,246.67
AAPL,863.75
GOOG,1241.35
AMZN,371.97
TSLA,1435.53
AAPL,1154.05
GOOG,1286.67
AMZN,794.8
TSLA,1385.67
AAPL,919.02
GOOG,364.75
AMZN,243.9
TSLA,614.95
AAPL,111.69
GOOG,1422.96
AMZN,642.23
TSLA,728.64
AAPL,1038.33
GOOG,1299.3
AMZN,561.93
TSLA,1031.26
AAPL,354.24
GOOG,1492.94
AMZN,409.27
TSLA,134.2
AAPL,394.13
GOOG,693.32
AMZN,1100.1
TSLA,384.85
AAPL,1484.78
GOOG,320.16
AMZN,1290.34
TSLA,988.74
AAPL,728.02
GOOG,1235.91
AMZN,1392.99
TSLA,334.17
AAPL,488.86
GOOG,595.41
AMZN,707.08
TSLA,450.33
AAPL,355.26
GOOG,1147.25
AMZN,411.73
TSLA,332.09
AAPL,1390.25
GOOG,1350.57
AMZN,756.06
TSLA,242.55
AAPL,322.4
GOOG,767.59
AMZN,1012.69
TSLA,1344.43
AAPL,1316.17
GOOG,142.35
AMZN,665.92
TSLA,1095.02
AAPL,1197.22
GOOG,954.9
AMZN,884.16
TSLA,227.86
AAPL,929.33
GOOG,1012.85
AMZN,778.02
TSLA,698.62
AAPL,1013.34
GOOG,847.45
AMZN,646.68
TSLA,381.34
AAPL,1279.95
GOOG,1449.19
AMZN,1228.32
TSLA,204.81
AAPL,171.65
GOOG,612.88
AMZN,911.06
TSLA,1212.11
AAPL,695.0
GOOG,322.19
AMZN,1086.85
TSLA,1340.99
AAPL,1475.76
GOOG,1016.43
AMZN,1415.67
TSLA,116.26
AAPL,1135.78
GOOG,882.47
AMZN,168.46
TSLA,1450.43
AAPL,985.75
GOOG,887.54
AMZN,210.29
TSLA,587.18
AAPL,399.65
GOOG,668.44
AMZN,616.99
TSLA,1188.16
AAPL,484.79
GOOG,1118.87
AMZN,568.84
TSLA,190.9
AAPL,1315.91
GOOG,554.27
AMZN,953.96
TSLA,1100.8
AAPL,1445.78
GOOG,610.32
AMZN,705.34
TSLA,1067.32
AAPL,313.53
GOOG,168.97
AMZN,1215.8
TSLA,849.17
AAPL,433.87
GOOG,1342.28
AMZN,494.07
TSLA,849.97
AAPL,391.37
GOOG,608.39
AMZN,757.05
TSLA,608.83
AAPL,435.17
GOOG,540.8
AMZN,1006.1
TSLA,197.89
AAPL,243.1
GOOG,229.87
AMZN,1424.11
TSLA,1196.42
AAPL,778.01
GOOG,518.42
AMZN,733.64
TSLA,100.14
AAPL,1491.04
GOOG,1264.75
AMZN,281.82
TSLA,1031.42
AAPL,282.61
GOOG,1459.5
AMZN,1317.09
TSLA,196.88
AAPL,378.01
GOOG,286.94
AMZN,1318.81
TSLA,605.03
AAPL,462.29
GOOG,651.14
AMZN,246.73
TSLA,697.34
AAPL,905.89
GOOG,770.03
AMZN,932.77
TSLA,1085.26
AAPL,1076.06
GOOG,851.05
AMZN,822.51
TSLA,995.55
AAPL,1043.64
GOOG,1169.46
AMZN,484.34
TSLA,769.63
AAPL,477.69
GOOG,484.76
AMZN,423.85
TSLA,1220.92
AAPL,524.16
GOOG,107.62
AMZN,1146.07
TSLA,1436.6
AAPL,926.52
GOOG,1341.44
AMZN,753.48
TSLA,1083.43
AAPL,888.26
GOOG,1470.1
AMZN,974.84
TSLA,228.14
AAPL,859.45
GOOG,1486.69
AMZN,420.71
TSLA,953.32
AAPL,186.9
GOOG,1301.17
AMZN,286.49
TSLA,381.71
AAPL,1276.97
GOOG,1097.8
AMZN,107.96
TSLA,1010.82
AAPL,1265.66
GOOG,1055.76
AMZN,807.02
TSLA,1116.42
AAPL,1113.98
GOOG,1367.69
AMZN,134.57
TSLA,373.09
AAPL,798.77
GOOG,1239.22
AMZN,857.91
TSLA,437.4
AAPL,473.53
GOOG,345.08
AMZN,456.96
TSLA,618.49
AAPL,972.93
GOOG,523.38
AMZN,961.16
TSLA,1099.39
AAPL,499.62
GOOG,908.48
AMZN,292.61
TSLA,411.54
AAPL,553.38
GOOG,1143.69
AMZN,458.33
TSLA,341.39
AAPL,1495.14
GOOG,1439.19
AMZN,646.53
TSLA,276.1
AAPL,1410.45
GOOG,931.74
AMZN,944.07
TSLA,825.82
AAPL,297.41
GOOG,1248.76
AMZN,667.48
TSLA,612.61
AAPL,979.2
GOOG,788.61
AMZN,1497.05
TSLA,898.78
AAPL,593.88
GOOG,297.87
AMZN,989.14
TSLA,254.92
AAPL,894.04
GOOG,192.04
AMZN,972.59
TSLA,1452.35
AAPL,610.54
GOOG,156.5
AMZN,1363.31
TSLA,1171.2
AAPL,462.71
GOOG,450.53
AMZN,316.64
TSLA,1397.74
AAPL,416.66
GOOG,467.49
AMZN,841.81
TSLA,1406.59
AAPL,766.33
GOOG,347.16
AMZN,676.44
TSLA,712.0
AAPL,960.18
GOOG,969.57
AMZN,1459.61
TSLA,634.96
AAPL,326.16
GOOG,717.7
AMZN,379.69
TSLA,1465.8
AAPL,1141.4
GOOG,763.56
AMZN,1171.38
TSLA,1049.05
AAPL,1436.0
GOOG,1044.86
AMZN,1446.54
TSLA,703.25
AAPL,978.26
GOOG,1051.51
AMZN,707.45
TSLA,1226.18
AAPL,614.91
GOOG,898.49
AMZN,357.93
TSLA,1150.37
AAPL,308.73
GOOG,1096.07
AMZN,530.9
TSLA,999.81
AAPL,1073.9
GOOG,1313.53
AMZN,1339.63
TSLA,640.24
AAPL,444.53
GOOG,607.71
AMZN,141.06
TSLA,1255.2
AAPL,561.23
GOOG,997.29
AMZN,1482.26
TSLA,1014.47
AAPL,186.86
GOOG,1079.09
AMZN,838.15
TSLA,100.07
AAPL,343.08
GOOG,416.8
AMZN,780.49
TSLA,586.64
AAPL,984.63
GOOG,684.73
AMZN,558.92
TSLA,821.46
AAPL,1441.7
GOOG,1369.17
AMZN,1094.55
TSLA,1102.98
AAPL,1348.56
GOOG,420.11
AMZN,1096.69
TSLA,569.21
AAPL,1189.66
GOOG,1219.92
AMZN,363.61
TSLA,1059.75
AAPL,345.55
GOOG,907.76
AMZN,152.74
TSLA,1420.52
AAPL,787.33
GOOG,815.96
AMZN,1021.6
TSLA,258.13
AAPL,1149.11
GOOG,1084.31
AMZN,1151.4
TSLA,1439.34
AAPL,253.07
GOOG,566.94
AMZN,1254.83
TSLA,940.52
AAPL,1294.43
GOOG,677.31
AMZN,616.8
TSLA,965.2
AAPL,1408.2
GOOG,328.82
AMZN,1346.79
TSLA,775.32
AAPL,396.39
GOOG,452.98
AMZN,293.73
TSLA,629.65
AAPL,158.17
GOOG,453.7
AMZN,960.6
TSLA,1433.75
AAPL,868.96
GOOG,1025.04
AMZN,1322.42
TSLA,1319.23
AAPL,1419.12
GOOG,1461.64
AMZN,680.52
TSLA,531.4
AAPL,1406.49
GOOG,491.75
AMZN,253.44
TSLA,792.13
AAPL,660.16
GOOG,211.98
AMZN,1134.43
TSLA,168.05
AAPL,504.05
GOOG,714.48
AMZN,348.33
TSLA,1191.55
AAPL,231.4
GOOG,915.28
AMZN,1027.93
TSLA,305.46
AAPL,882.52
GOOG,936.23
AMZN,1206.21
TSLA,501.65
AAPL,626.61
GOOG,1126.91
AMZN,276.93
TSLA,692.95
AAPL,544.67
GOOG,624.94
AMZN,488.02
TSLA,339.08
AAPL,587.81
GOOG,1428.1
AMZN,818.53
TSLA,642.08
AAPL,184.07
GOOG,322.43
AMZN,706.25
TSLA,915.86
AAPL,1493.8
GOOG,164.77
AMZN,471.18
TSLA,1236.93
AAPL,366.08
GOOG,450.53
AMZN,577.95
TSLA,1439.96
AAPL,1417.21
GOOG,372.95
AMZN,255.66
TSLA,1341.23
AAPL,758.05
GOOG,1151.1
AMZN,1007.75
TSLA,713.12
AAPL,772.22
GOOG,1205.55
AMZN,1103.41
TSLA,964.06
AAPL,424.48
GOOG,578.5
AMZN,818.23
TSLA,416.99
AAPL,1456.08
GOOG,155.87
AMZN,1448.5
TSLA,660.17
AAPL,1469.69
GOOG,1241.05
AMZN,949.93
TSLA,970.48
AAPL,506.31
GOOG,201.07
AMZN,522.83
TSLA,1106.88
AAPL,1404.77
GOOG,545.04
AMZN,639.88
TSLA,925.09
AAPL,1105.76
GOOG,735.56
AMZN,531.51
TSLA,966.11
AAPL,802.4
GOOG,1199.2
AMZN,533.04
TSLA,1073.18
AAPL,470.98
GOOG,678.83
AMZN,623.98
TSLA,760.32
AAPL,1441.51
GOOG,449.72
AMZN,619.22
TSLA,878.54
AAPL,594.52
GOOG,667.71
AMZN,820.85
TSLA,100.29
AAPL,381.74
GOOG,498.77
AMZN,245.36
TSLA,764.74
AAPL,181.28
GOOG,333.65
AMZN,181.68
TSLA,955.79
AAPL,410.41
GOOG,272.93
AMZN,1140.92
TSLA,240.8
AAPL,184.52
GOOG,1012.83
AMZN,153.84
TSLA,775.02
AAPL,385.41
GOOG,1365.98
AMZN,702.18
TSLA,381.99
AAPL,329.33
GOOG,1295.05
AMZN,356.38
TSLA,696.92
AAPL,358.87
GOOG,1355.59
AMZN,512.85
TSLA,1220.01
AAPL,1050.8
GOOG,662.8
AMZN,1372.32
TSLA,876.08
AAPL,497.2
GOOG,870.26
AMZN,454.48
TSLA,1376.43
AAPL,1344.5
GOOG,1032.71
AMZN,845.98
TSLA,1082.28
AAPL,738.8
GOOG,1327.92
AMZN,884.93
TSLA,340.21
AAPL,191.7
GOOG,948.81
AMZN,705.65
TSLA,1134.79
AAPL,1351.81
GOOG,417.74
AMZN,1048.88
TSLA,1289.8
AAPL,1073.9
GOOG,373.21
TSLA,618.49
AAPL,972.93
GOOG,523.38
AMZN,961.16
TSLA,1099.39
AAPL,499.62
GOOG,908.48
AMZN,292.61
TSLA,411.54
AAPL,553.38
GOOG,1143.69
AMZN,458.33
TSLA,341.39
AAPL,1495.14
GOOG,1439.19
AMZN,646.53
TSLA,276.1
AAPL,1410.45
GOOG,931.74
AMZN,944.07
TSLA,825.82
AAPL,297.41
GOOG,1248.76
AMZN,667.48
TSLA,612.61
AAPL,979.2
GOOG,788.61
AMZN,1497.05
TSLA,898.78
AAPL,593.88
GOOG,297.87
AMZN,989.14
TSLA,254.92
AAPL,894.04
GOOG,192.04
AMZN,972.59
TSLA,1452.35
AAPL,610.54
GOOG,156.5
AMZN,1363.31
TSLA,1171.2
AAPL,462.71
GOOG,450.53
AMZN,316.64
TSLA,1397.74
AAPL,416.66
GOOG,467.49
AMZN,841.81
TSLA,1406.59
AAPL,766.33
GOOG,347.16
AMZN,676.44
TSLA,712.0
AAPL,960.18
GOOG,969.57
AMZN,1459.61
TSLA,634.96
AAPL,326.16
GOOG,717.7
AMZN,379.69
TSLA,1465.8
AAPL,1141.4
GOOG,763.56
AMZN,1171.38
TSLA,1049.05
AAPL,1436.0
GOOG,1044.86
AMZN,1446.54
TSLA,703.25
AAPL,978.26
GOOG,1051.51
AMZN,707.45
TSLA,1226.18
AAPL,614.91
GOOG,898.49
AMZN,357.93
TSLA,1150.37
AAPL,308.73
GOOG,1096.07
AMZN,530.9
TSLA,999.81
AAPL,1073.9
GOOG,1313.53
AMZN,1339.63
TSLA,640.24
AAPL,444.53
GOOG,607.71
AMZN,141.06
TSLA,1255.2
AAPL,561.23
GOOG,997.29
AMZN,1482.26
TSLA,1014.47
AAPL,186.86
GOOG,1079.09
AMZN,838.15
TSLA,100.07
AAPL,343.08
GOOG,416.8
AMZN,780.49
TSLA,586.64
AAPL,984.63
GOOG,684.73
AMZN,558.92
TSLA,821.46
AAPL,1441.7
GOOG,1369.17
AMZN,1094.55
TSLA,1102.98
AAPL,1348.56
GOOG,420.11
AMZN,1096.69
TSLA,569.21
AAPL,1189.66
GOOG,1219.92
AMZN,363.61
TSLA,1059.75
AAPL,345.55
GOOG,907.76
AMZN,152.74
TSLA,1420.52
AAPL,787.33
GOOG,815.96
AMZN,1021.6
TSLA,258.13
AAPL,1149.11
GOOG,1084.31
AMZN,1151.4
TSLA,1439.34
AAPL,253.07
GOOG,566.94
AMZN,1254.83
TSLA,940.52
AAPL,1294.43
GOOG,677.31
AMZN,616.8
TSLA,965.2
AAPL,1408.2
GOOG,328.82
AMZN,1346.79
TSLA,775.32
AAPL,396.39
GOOG,452.98
AMZN,293.73
TSLA,629.65
AAPL,158.17
GOOG,453.7
AMZN,960.6
TSLA,1433.75
AAPL,868.96
GOOG,1025.04
AMZN,1322.42
TSLA,1319.23
AAPL,1419.12
GOOG,1461.64
AMZN,680.52
TSLA,531.4
AAPL,1406.49
GOOG,491.75
AMZN,253.44
TSLA,792.13
AAPL,660.16
GOOG,211.98
AMZN,1134.43
TSLA,168.05
AAPL,504.05
GOOG,714.48
AMZN,348.33
TSLA,1191.55
AAPL,231.4
GOOG,915.28
AMZN,1027.93
TSLA,305.46
AAPL,882.52
GOOG,936.23
AMZN,1206.21
TSLA,501.65
AAPL,626.61
GOOG,1126.91
AMZN,276.93
TSLA,692.95
AAPL,544.67
GOOG,624.94
AMZN,488.02
TSLA,339.08
AAPL,587.81
GOOG,1428.1
AMZN,818.53
TSLA,642.08
AAPL,184.07
GOOG,322.43
AMZN,706.25
TSLA,915.86
AAPL,1493.8
GOOG,164.77
AMZN,471.18
TSLA,1236.93
AAPL,366.08
GOOG,450.53
AMZN,577.95
TSLA,1439.96
AAPL,1417.21
GOOG,372.95
AMZN,255.66
TSLA,1341.23
AAPL,758.05
GOOG,1151.1
AMZN,1007.75
TSLA,713.12
AAPL,772.22
GOOG,1205.55
AMZN,1103.41
TSLA,964.06
AAPL,424.48
GOOG,578.5
AMZN,818.23
TSLA,416.99
AAPL,1456.08
GOOG,155.87
AMZN,1448.5
TSLA,660.17
AAPL,1469.69
GOOG,1241.05
AMZN,949.93
TSLA,970.48
AAPL,506.31
GOOG,201.07
AMZN,522.83
TSLA,1106.88
AAPL,1404.77
GOOG,545.04
AMZN,639.88
TSLA,925.09
AAPL,1105.76
GOOG,735.56
AMZN,531.51
TSLA,966.11
AAPL,802.4
GOOG,1199.2
AMZN,533.04
TSLA,1073.18
AAPL,470.98
GOOG,678.83
AMZN,623.98
TSLA,760.32
AAPL,1441.51
GOOG,449.72
AMZN,619.22
TSLA,878.54
AAPL,594.52
GOOG,667.71
AMZN,820.85
TSLA,100.29
AAPL,381.74
GOOG,498.77
AMZN,245.36
TSLA,764.74
AAPL,181.28
GOOG,333.65
AMZN,181.68
TSLA,955.79
AAPL,410.41
GOOG,272.93
AMZN,1140.92
TSLA,240.8
AAPL,184.52
GOOG,1012.83
AMZN,153.84
TSLA,775.02
AAPL,385.41
GOOG,1365.98
AMZN,702.18
TSLA,381.99
AAPL,329.33
GOOG,1295.05
AMZN,356.38
TSLA,696.92
AAPL,358.87
GOOG,1355.59
AMZN,512.85
TSLA,1220.01
AAPL,1050.8
GOOG,662.8
AMZN,1372.32
TSLA,876.08
AAPL,497.2
GOOG,870.26
AMZN,454.48
TSLA,1376.43
AAPL,1344.5
GOOG,1032.71
AMZN,845.98
TSLA,1082.28
AAPL,738.8
GOOG,1327.92
AMZN,884.93
TSLA,340.21
AAPL,191.7
GOOG,948.81
AMZN,705.65
TSLA,1134.79
AAPL,1351.81
GOOG,417.74
AMZN,1048.88
TSLA,1289.8
AAPL,1073.9
GOOG,373.21
AMZN,531.11
TSLA,1075.0
AAPL,545.93
GOOG,1160.97
AMZN,788.15
TSLA,290.16
AAPL,1358.88
GOOG,813.53
AMZN,407.42
TSLA,770.12
AAPL,749.73
GOOG,522.14
AMZN,1281.35
TSLA,697.81
AAPL,671.93
GOOG,757.4
AMZN,1477.01
TSLA,1121.33
AAPL,377.44
GOOG,655.34
AMZN,359.06
TSLA,780.32
AAPL,169.74
GOOG,204.8
AMZN,400.98
TSLA,767.92
AAPL,865.18
GOOG,1013.26
AMZN,1125.58
TSLA,1226.17
AAPL,703.28
GOOG,738.06
AMZN,984.81
TSLA,712.82
AAPL,1139.93
GOOG,209.25
AMZN,297.03
TSLA,492.08
AAPL,1353.01
GOOG,269.51
AMZN,249.95
TSLA,424.67
AAPL,1404.76
GOOG,765.99
AMZN,1442.28
TSLA,1494.24
AAPL,1017.45
GOOG,671.42
AMZN,631.03
TSLA,1497.15
AAPL,198.4
GOOG,1414.54
AMZN,677.05
TSLA,322.43
AAPL,1049.29
GOOG,1349.89
AMZN,1322.07
TSLA,823.9
AAPL,849.81
GOOG,393.52
AMZN,1013.52
TSLA,820.1
AAPL,1424.89
GOOG,998.26
AMZN,1071.66
TSLA,261.41
AAPL,123.16
GOOG,407.1
AMZN,1491.87
TSLA,836.04
AAPL,1472.82
GOOG,1023.64
AMZN,1246.11
TSLA,742.64
AAPL,1108.5
GOOG,890.37
AMZN,1134.62
TSLA,553.83
AAPL,998.15
GOOG,716.52
AMZN,863.71
TSLA,826.33
AAPL,1247.7
GOOG,791.82
AMZN,1157.68
TSLA,556.36
AAPL,1253.54
GOOG,1428.58
AMZN,1496.69
TSLA,944.78
AAPL,374.83
GOOG,978.99
AMZN,190.96
TSLA,346.62
AAPL,1314.85
GOOG,1292.17
AMZN,398.31
TSLA,877.59
AAPL,282.25
GOOG,941.16
AMZN,143.79
TSLA,1042.21
AAPL,1066.97
GOOG,1245.61
AMZN,1390.26
TSLA,429.07
AAPL,546.82
GOOG,1233.79
AMZN,498.95
TSLA,1306.8
AAPL,824.49
GOOG,542.04
AMZN,550.44
TSLA,1085.34
AAPL,1007.32
GOOG,1437.17
AMZN,1243.91
TSLA,488.57
AAPL,1018.78
GOOG,1345.16
AMZN,745.66
TSLA,940.29
AAPL,306.31
GOOG,557.29
AMZN,1015.35
TSLA,162.68
AAPL,1270.31
GOOG,1369.52
AMZN,1429.97
TSLA,318.41
AAPL,218.56
GOOG,1133.74
AMZN,1477.03
TSLA,367.99
AAPL,909.46
GOOG,427.22
AMZN,468.52
TSLA,217.61
AAPL,972.78
GOOG,221.86
AMZN,1173.83
TSLA,943.54
AAPL,960.59
GOOG,820.34
AMZN,972.17
TSLA,241.67
AAPL,192.59
GOOG,708.12
AMZN,605.5
TSLA,691.53
AAPL,126.99
GOOG,1217.13
AMZN,280.02
TSLA,445.15
AAPL,340.1
GOOG,756.64
AMZN,574.97
TSLA,930.07
AAPL,432.19
GOOG,127.38
AMZN,1305.4
TSLA,544.77
AAPL,1348.71
GOOG,190.47
AMZN,854.57
TSLA,1304.02
AAPL,1433.17
GOOG,686.88
AMZN,206.73
TSLA,1097.27
AAPL,444.38
GOOG,259.9
AMZN,1160.14
TSLA,1428.79
AAPL,1209.88
GOOG,1491.03
AMZN,760.23
TSLA,851.35
AAPL,721.89
GOOG,1242.56
AMZN,476.96
TSLA,489.3
AAPL,1421.15
GOOG,948.37
AMZN,1099.47
TSLA,952.28
AAPL,668.0
GOOG,1276.14
AMZN,437.04
TSLA,165.86
AAPL,1138.86
GOOG,484.89
AMZN,643.1
TSLA,898.49
AAPL,822.63
GOOG,1138.45
AMZN,311.84
TSLA,764.26
AAPL,802.23
GOOG,465.82
AMZN,241.74
TSLA,220.92
AAPL,252.35
GOOG,106.54
AMZN,1229.41
TSLA,920.85
AAPL,610.86
GOOG,245.5
AMZN,240.7
TSLA,675.46
AAPL,330.17
GOOG,579.27
AMZN,207.6
TSLA,743.09
AAPL,518.25
GOOG,654.66
AMZN,1048.11
TSLA,1234.96
AAPL,976.5
GOOG,623.15
AMZN,486.24
TSLA,1281.66
AAPL,906.22
GOOG,417.17
AMZN,611.68
TSLA,467.82
AAPL,599.2
GOOG,620.46
AMZN,1042.25
TSLA,705.57
AAPL,1391.77
GOOG,377.7
AMZN,688.48
TSLA,1411.42
AAPL,230.54
GOOG,1102.79
AMZN,856.52
TSLA,976.84
AAPL,1111.22
GOOG,609.3
AMZN,1210.5
TSLA,1087.85
AAPL,830.69
GOOG,134.72
AMZN,930.38
TSLA,300.17
AAPL,190.14
GOOG,195.44
AMZN,1332.87
TSLA,1062.59
AAPL,655.19
GOOG,328.4
AMZN,566.36
TSLA,1071.94
AAPL,1198.18
GOOG,382.91
AMZN,267.29
TSLA,925.65
AAPL,377.53
GOOG,633.78
AMZN,461.91
TSLA,972.6
AAPL,1263.47
GOOG,1281.59
AMZN,1079.81
TSLA,868.07
AAPL,1238.03
GOOG,606.06
AMZN,775.96
TSLA,1319.9
AAPL,334.28
GOOG,1457.42
AMZN,827.62
TSLA,1250.65
AAPL,181.71
GOOG,850.56
AMZN,1064.52
TSLA,488.6
AAPL,634.38
GOOG,1107.09
AMZN,1319.04
TSLA,368.49
AAPL,1401.83
GOOG,1410.84
AMZN,341.77
TSLA,319.74
AAPL,843.25
GOOG,190.84
AMZN,1203.04
TSLA,1120.7
AAPL,927.26
GOOG,946.4
AMZN,1464.98
TSLA,575.73
AAPL,541.59
GOOG,404.41
AMZN,1316.45
TSLA,870.69
AAPL,1094.71
GOOG,1048.58
AMZN,1488.54
TSLA,818.97
AAPL,609.58
GOOG,390.52
AMZN,920.46
TSLA,1049.23
AAPL,1109.22
GOOG,211.15
AMZN,1286.1
TSLA,507.78
AAPL,572.03
GOOG,1268.97
AMZN,157.65
TSLA,1157.01
AAPL,500.61
GOOG,1124.32
AMZN,577.51
TSLA,647.19
AAPL,1222.72
GOOG,124.01
AMZN,333.67
TSLA,1498.9
AAPL,1473.78
GOOG,669.61
AMZN,635.68
TSLA,1284.83
AAPL,591.01
GOOG,540.9
AMZN,691.86
TSLA,1419.4
AAPL,1088.21
GOOG,858.09
AMZN,1402.83
TSLA,128.52
AAPL,1170.29
GOOG,715.45
AMZN,1258.82
TSLA,770.36
AAPL,676.19
GOOG,269.11
AMZN,400.17
TSLA,1240.13
AAPL,467.42
GOOG,589.36
AMZN,927.94
TSLA,283.34
AAPL,963.93
GOOG,1213.31
AMZN,1157.16
TSLA,1360.35
AAPL,237.18
GOOG,303.23
AMZN,445.12
TSLA,1493.52
AAPL,547.39
GOOG,390.28
AMZN,133.66
TSLA,187.39
AAPL,1024.37
GOOG,939.83
AMZN,916.19
TSLA,392.92
AAPL,834.87
GOOG,220.42
AMZN,497.12
TSLA,360.64
AAPL,885.15
GOOG,1050.18
AMZN,1319.24
TSLA,587.54
AAPL,1398.53
GOOG,1262.71
AMZN,395.65
TSLA,352.01
AAPL,1227.26
GOOG,918.37
AMZN,240.93
TSLA,591.85
AAPL,1068.88
GOOG,1485.44
AMZN,279.57
TSLA,711.34
AAPL,435.81
GOOG,686.92
AMZN,1378.87
TSLA,385.37
AAPL,1172.13
GOOG,566.12
AMZN,536.53
TSLA,601.83
AAPL,455.84
GOOG,846.71
AMZN,423.14
TSLA,695.33
AAPL,122.49
GOOG,1396.65
AMZN,223.48
TSLA,183.67
AAPL,1095.52
GOOG,1158.88
AMZN,806.98
TSLA,989.84
AAPL,290.17
GOOG,687.9
AMZN,420.42
TSLA,1058.28
AAPL,1364.87
GOOG,809.39
AMZN,647.41
TSLA,941.8
AAPL,1206.35
GOOG,932.38
AMZN,573.6
TSLA,671.0
AAPL,954.79
GOOG,717.17
AMZN,801.73
TSLA,853.5
AAPL,893.94
GOOG,766.65
AMZN,1270.87
TSLA,1094.24
AAPL,1289.16
GOOG,418.85
AMZN,275.74
TSLA,712.75
AAPL,212.75
GOOG,695.75
AMZN,1121.06
TSLA,1415.79
AAPL,941.96
GOOG,1247.07
AMZN,1485.43
TSLA,596.2
AAPL,434.31
GOOG,852.08
AMZN,1284.47
TSLA,466.75
AAPL,366.18
GOOG,1276.44
AMZN,488.81
TSLA,853.68
AAPL,922.79
GOOG,1072.83
AMZN,798.91
TSLA,370.48
AAPL,1170.86
GOOG,471.56
AMZN,1041.02
TSLA,1395.11
AAPL,119.33
GOOG,857.06
AMZN,537.23
TSLA,1346.3
AAPL,1193.34
GOOG,211.48
AMZN,916.41
TSLA,1292.25
AAPL,310.62
GOOG,117.88
AMZN,327.74
TSLA,651.49
AAPL,224.49
GOOG,1227.1
AMZN,1128.46
TSLA,1066.03
AAPL,684.1
GOOG,1343.79
AMZN,365.89
TSLA,1071.19
AAPL,638.71
GOOG,446.07
AMZN,112.68
TSLA,934.12
AAPL,462.13
GOOG,1302.21
AMZN,1419.0
TSLA,1463.4
AAPL,1086.84
GOOG,152.87
AMZN,1395.1
TSLA,431.96
AAPL,1476.89
GOOG,1272.8
AMZN,366.47
TSLA,694.87
AAPL,179.44
GOOG,1270.03
AMZN,1356.39
TSLA,130.02
AAPL,1015.77
GOOG,1345.62
AMZN,104.92
TSLA,423.57
AAPL,1211.85
GOOG,833.19
AMZN,1225.69
TSLA,793.46
AAPL,793.73
GOOG,714.62
AMZN,1015.02
TSLA,1070.13
AAPL,1324.48
GOOG,1157.84
AMZN,694.98
TSLA,1413.26
AAPL,1331.62
GOOG,1363.86
AMZN,1169.75
TSLA,964.18
AAPL,242.4
GOOG,1394.15
AMZN,460.74
TSLA,1122.47
AAPL,458.12
GOOG,283.27
AMZN,671.41
TSLA,395.15
AAPL,154.29
GOOG,148.31
AMZN,1482.03
TSLA,1327.84
AAPL,696.43
GOOG,877.41
AMZN,821.13
TSLA,687.05
AAPL,678.48
GOOG,679.51
AMZN,1033.62
TSLA,829.1
AAPL,243.31
GOOG,951.67
AMZN,808.08
TSLA,215.9
AAPL,1251.55
GOOG,1422.51
AMZN,624.82
TSLA,1178.6
AAPL,945.98
GOOG,783.13
AMZN,350.77
TSLA,637.34
AAPL,1212.99
GOOG,829.1
AMZN,1480.76
TSLA,1439.7
AAPL,286.07
GOOG,529.27
AMZN,526.9
TSLA,609.4
AAPL,1269.77
GOOG,829.65
AMZN,1159.17
TSLA,880.34
AAPL,297.15
GOOG,160.6
AMZN,420.6
TSLA,1023.07
AAPL,540.91
GOOG,1411.6
AMZN,724.57
TSLA,987.96
AAPL,951.85
GOOG,360.49
AMZN,1074.74
TSLA,993.83
AAPL,1024.9
GOOG,193.71
AMZN,347.25
TSLA,720.97
AAPL,123.81
GOOG,1093.2
AMZN,1037.27
TSLA,960.85
AAPL,1471.82
GOOG,391.58
AMZN,195.7
TSLA,1374.02
AAPL,958.64
GOOG,1119.17
AMZN,1023.73
TSLA,522.52
AAPL,140.09
GOOG,968.54
AMZN,1050.77
TSLA,1427.42
AAPL,1323.63
GOOG,884.91
AMZN,752.3
TSLA,608.71
AAPL,311.95
GOOG,838.29
AMZN,710.34
TSLA,511.48
AAPL,1092.72
GOOG,762.99
AMZN,624.84
TSLA,172.46
AAPL,1108.52
GOOG,614.48
AMZN,407.48
TSLA,1349.02
AAPL,596.32
GOOG,827.6
AMZN,1356.53
TSLA,954.17
AAPL,426.52
GOOG,909.36
AMZN,619.59
TSLA,557.0
AAPL,555.04
GOOG,297.62
AMZN,869.47
TSLA,849.29
AAPL,332.31
GOOG,450.55
AMZN,1272.27
TSLA,1199.57
AAPL,1456.22
GOOG,253.98
AMZN,1304.69
TSLA,1169.49
AAPL,663.99
GOOG,769.91
AMZN,1491.1
TSLA,481.24
AAPL,685.54
GOOG,535.72
AMZN,392.09
TSLA,1219.0
AAPL,750.54
GOOG,1249.5
AMZN,1004.5
TSLA,904.11
AAPL,1451.8
GOOG,1228.97
AMZN,1158.46
TSLA,828.69
AAPL,1277.06
GOOG,573.79
AMZN,1445.27
TSLA,697.53
AAPL,809.27
GOOG,1346.84
AMZN,1371.35
TSLA,560.94
AAPL,1475.62
GOOG,950.44
AMZN,174.59
TSLA,1245.44
AAPL,576.74
GOOG,1059.66
AMZN,1421.89
TSLA,1386.45
AAPL,1002.97
GOOG,1216.88
AMZN,183.85
TSLA,698.09
AAPL,254.32
GOOG,1225.85
AMZN,106.02
TSLA,941.96
AAPL,894.99
GOOG,125.43
AMZN,698.08
TSLA,1118.28
AAPL,339.77
GOOG,1044.58
AMZN,332.59
TSLA,1386.76
AAPL,1118.76
GOOG,210.04
AMZN,1299.01
TSLA,168.9
AAPL,1262.79
GOOG,533.47
AMZN,875.53
TSLA,684.49
AAPL,727.11
GOOG,732.39
AMZN,1012.07
TSLA,335.2
AAPL,1279.57
GOOG,989.55
AMZN,446.93
TSLA,1222.67
AAPL,231.11
GOOG,138.01
AMZN,704.62
TSLA,1215.27
AAPL,1144.46
GOOG,223.02
AMZN,712.17
TSLA,590.21
AAPL,327.71
GOOG,723.55
AMZN,282.32
TSLA,490.97
AAPL,691.04
GOOG,473.23
AMZN,378.22
TSLA,390.51
AAPL,1385.27
GOOG,275.77
AMZN,1267.02
TSLA,1265.81
AAPL,193.26
GOOG,237.52
AMZN,745.25
TSLA,674.77
AAPL,1247.91
GOOG,962.64
AMZN,104.15
TSLA,811.24
AAPL,171.08
GOOG,162.19
AMZN,394.73
TSLA,870.35
AAPL,590.75
GOOG,784.8
AMZN,1191.86
TSLA,1395.28
AAPL,1409.2
GOOG,1115.52
AMZN,674.79
TSLA,1405.42
AAPL,197.26
GOOG,1278.49
AMZN,937.45
TSLA,733.05
AAPL,167.48
GOOG,896.76
AMZN,763.24
TSLA,689.44
AAPL,648.5
GOOG,120.37
AMZN,388.23
TSLA,212.19
AAPL,1354.27
GOOG,1351.99
AMZN,1389.76
TSLA,986.77
AAPL,114.17
GOOG,872.25
AMZN,323.14
TSLA,1098.21
AAPL,803.83
GOOG,1215.81
AMZN,1145.91
TSLA,860.48
AAPL,1427.98
GOOG,606.17
AMZN,1482.57
TSLA,518.48
AAPL,422.97
GOOG,450.53
AMZN,635.72
TSLA,379.57
AAPL,125.39
GOOG,1473.17
AMZN,1393.71
TSLA,741.73
AAPL,590.9
GOOG,1151.36
AMZN,183.16
TSLA,1076.52
AAPL,691.14
GOOG,839.48
AMZN,830.82
TSLA,1194.85
AAPL,1428.22
GOOG,592.12
AMZN,1126.96
TSLA,437.71
AAPL,1271.57
GOOG,788.51
AMZN,912.69
TSLA,504.41
AAPL,278.61
GOOG,416.24
AMZN,1473.31
TSLA,498.37
AAPL,1480.11
GOOG,1037.56
AMZN,598.77
TSLA,477.85
AAPL,807.53
GOOG,688.58
AMZN,625.59
TSLA,1123.73
AAPL,1342.28
GOOG,1430.73
AMZN,631.17
TSLA,985.83
AAPL,241.53
GOOG,1182.11
AMZN,824.56
TSLA,619.96
AAPL,1186.83
GOOG,554.48
AMZN,220.3
TSLA,781.51
AAPL,792.47
GOOG,1098.95
AMZN,958.74
TSLA,397.98
AAPL,963.36
GOOG,114.81
AMZN,1327.71
TSLA,606.24
AAPL,1329.27
GOOG,548.65
AMZN,1016.81
TSLA,1082.42
AAPL,862.61
GOOG,146.86
AMZN,361.21
TSLA,465.42
AAPL,1348.67
GOOG,1117.25
AMZN,969.51
TSLA,1029.15
AAPL,854.85
GOOG,903.02
AMZN,317.04
TSLA,1338.11
AAPL,593.81
GOOG,1249.56
AMZN,445.16
TSLA,1276.8
AAPL,1029.22
GOOG,1232.68
AMZN,557.75
TSLA,289.1
AAPL,1296.16
GOOG,1074.05
AMZN,462.15
TSLA,207.42
AAPL,1407.47
GOOG,416.26
AMZN,1128.46
TSLA,159.59
AAPL,223.44
GOOG,1491.05
AMZN,974.18
TSLA,1283.54
AAPL,548.26
GOOG,1183.62
AMZN,688.4
TSLA,1187.67
AAPL,534.24
GOOG,401.26
AMZN,1142.67
TSLA,770.35
AAPL,668.62
GOOG,300.07
AMZN,1034.43
TSLA,724.19
AAPL,960.91
GOOG,387.08
AMZN,1022.95
TSLA,497.19
AAPL,592.1
GOOG,977.05
AMZN,277.28
TSLA,1311.31
AAPL,829.4
GOOG,1085.38
AMZN,1132.7
TSLA,540.05
AAPL,872.34
GOOG,441.12
AMZN,841.33
TSLA,1224.38
AAPL,798.97
GOOG,335.55
AMZN,145.54
TSLA,213.73
AAPL,430.38
GOOG,1307.44
AMZN,926.97
TSLA,1039.23
AAPL,724.73
GOOG,265.79
AMZN,456.88
TSLA,901.13
AAPL,917.04
GOOG,331.83
AMZN,366.49
TSLA,1094.95
AAPL,661.05
GOOG,1445.85
AMZN,1498.21
TSLA,445.71
AAPL,1421.21
GOOG,525.11
AMZN,753.13
TSLA,956.01
AAPL,436.17
GOOG,538.42
AMZN,248.8
TSLA,176.31
AAPL,529.58
GOOG,1401.39
AMZN,458.25
TSLA,626.61
AAPL,883.95
GOOG,896.88
AMZN,1202.22
TSLA,1203.91
AAPL,1320.74
GOOG,713.84
AMZN,1369.06
TSLA,243.78
AAPL,1310.87
GOOG,1464.49
AMZN,666.44
TSLA,818.44
AAPL,937.41
GOOG,277.34
AMZN,1177.59
TSLA,883.24
AAPL,1184.12
GOOG,1067.66
AMZN,750.96
TSLA,394.18
AAPL,1431.77
GOOG,1358.63
AMZN,548.07
TSLA,526.81
AAPL,908.17
GOOG,452.66
AMZN,1114.57
TSLA,345.06
AAPL,977.81
GOOG,1084.39
AMZN,1257.42
TSLA,1363.54
AAPL,743.84
GOOG,594.92
AMZN,1159.27
TSLA,570.87
AAPL,1204.68
GOOG,105.05
AMZN,1138.82
TSLA,1444.04
AAPL,913.49
GOOG,462.06
AMZN,946.4
TSLA,661.03
AAPL,889.05
GOOG,1077.81
AMZN,258.84
TSLA,1429.81
AAPL,581.81
GOOG,1176.47
AMZN,291.11
TSLA,1318.06
AAPL,992.72
GOOG,1030.8
AMZN,165.18
TSLA,466.74
AAPL,834.63
GOOG,1385.82
AMZN,255.48
TSLA,952.51
AAPL,1211.26
GOOG,631.5
AMZN,678.19
TSLA,253.46
AAPL,1103.2
GOOG,514.84
AMZN,397.08
TSLA,956.69
AAPL,505.99
GOOG,1423.22
AMZN,330.28
TSLA,1376.86
AAPL,969.18
GOOG,1224.72
AMZN,1075.79
TSLA,489.15
AAPL,1312.89
GOOG,733.68
AMZN,1094.25
TSLA,232.17
AAPL,892.62
GOOG,377.56
AMZN,729.43
TSLA,1191.04
AAPL,722.15
GOOG,1256.08
AMZN,1253.0
TSLA,858.45
AAPL,826.33
GOOG,1280.81
AMZN,1267.94
TSLA,1342.56
AAPL,542.55
GOOG,182.86
AMZN,387.06
TSLA,1274.73
AAPL,537.61
GOOG,543.73
AMZN,1383.59
TSLA,263.07
AAPL,728.52
GOOG,157.8
AMZN,1239.93
TSLA,1273.67
AAPL,499.16
GOOG,1277.9
AMZN,1345.28
TSLA,1472.63
AAPL,888.28
GOOG,835.37
AMZN,840.93
TSLA,542.0
AAPL,517.64
GOOG,160.81
AMZN,381.74
TSLA,703.09
AAPL,1151.01
GOOG,990.37
AMZN,335.69
TSLA,197.77
AAPL,628.71
GOOG,960.05
AMZN,1220.93
TSLA,1151.72
AAPL,1320.87
GOOG,558.9
AMZN,455.28
TSLA,1011.56
AAPL,967.62
GOOG,863.79
AMZN,281.22
TSLA,786.11
AAPL,997.7
GOOG,365.06
AMZN,301.11
TSLA,293.07
AAPL,900.25
GOOG,630.83
AMZN,565.37
TSLA,1006.79
AAPL,418.07
GOOG,441.53
AMZN,151.35
TSLA,939.54
AAPL,126.53
GOOG,757.21
AMZN,1129.93
TSLA,810.56
AAPL,1018.21
GOOG,695.96
AMZN,434.85
TSLA,619.17
AAPL,714.24
GOOG,1139.11
AMZN,301.98
TSLA,1341.15
AAPL,1238.47
GOOG,1085.59
AMZN,777.16
TSLA,582.17
AAPL,501.8
GOOG,437.11
AMZN,1114.96
TSLA,624.23
AAPL,1449.48
GOOG,1024.41
AMZN,244.1
TSLA,1252.44
AAPL,1139.89
GOOG,1333.59
AMZN,817.88
TSLA,1279.64
AAPL,895.02
GOOG,1359.68
AMZN,1222.05
TSLA,983.95
AAPL,871.62
GOOG,905.88
AMZN,1083.1
TSLA,1440.45
AAPL,1482.07
GOOG,1232.53
AMZN,933.02
TSLA,1035.85
AAPL,446.54
GOOG,302.98
AMZN,379.55
TSLA,132.84
AAPL,569.81
GOOG,301.73
AMZN,1135.5
TSLA,357.1
AAPL,1383.54
GOOG,160.92
AMZN,388.04
TSLA,718.0
AAPL,283.33
GOOG,378.85
AMZN,867.94
TSLA,225.59
AAPL,720.2
GOOG,1107.45
AMZN,609.83
TSLA,748.96
AAPL,787.01
GOOG,197.06
AMZN,343.73
TSLA,823.53
AAPL,936.41
GOOG,749.99
AMZN,715.17
TSLA,857.73
AAPL,1115.38
GOOG,919.99
AMZN,466.56
TSLA,354.4
AAPL,1198.13
GOOG,270.35
AMZN,713.42
TSLA,256.62
AAPL,971.07
GOOG,116.26
AMZN,255.67
TSLA,1258.04
AAPL,164.64
GOOG,898.02
AMZN,564.41
TSLA,851.57
AAPL,597.82
GOOG,874.98
AMZN,1260.86
TSLA,620.0
AAPL,257.72
GOOG,210.25
AMZN,603.63
TSLA,652.27
AAPL,591.43
GOOG,888.42
AMZN,602.93
TSLA,629.27
AAPL,540.72
GOOG,799.35
AMZN,506.28
TSLA,614.7
AAPL,813.65
GOOG,777.66
AMZN,742.83
TSLA,1128.62
AAPL,1051.94
GOOG,1164.59
AMZN,1103.47
TSLA,1401.21
AAPL,1071.94
GOOG,577.85
AMZN,612.66
TSLA,870.77
AAPL,653.1
GOOG,739.07
AMZN,916.68
TSLA,556.07
AAPL,1133.35
GOOG,1471.93
AMZN,878.62
TSLA,1184.91
AAPL,131.88
GOOG,725.11
AMZN,216.44
TSLA,1295.79
AAPL,627.25
GOOG,516.82
AMZN,985.91
TSLA,451.49
AAPL,394.78
GOOG,1001.69
AMZN,1409.12
TSLA,648.9
AAPL,121.64
GOOG,1328.22
AMZN,1409.64
TSLA,332.24
AAPL,685.21
GOOG,941.11
AMZN,177.13
TSLA,247.22
AAPL,902.9
GOOG,647.16
AMZN,117.85
TSLA,933.36
AAPL,962.26
GOOG,1432.47
AMZN,218.87
TSLA,738.67
AAPL,1240.72
GOOG,1388.31
AMZN,877.68
TSLA,215.7
AAPL,1435.81
GOOG,168.24
AMZN,870.07
TSLA,1254.41
AAPL,780.47
GOOG,171.62
AMZN,801.56
TSLA,533.62
AAPL,1263.5
GOOG,824.56
AMZN,765.22
TSLA,932.19
AAPL,638.72
GOOG,1291.98
AMZN,414.85
TSLA,959.75
AAPL,1400.35
GOOG,1025.98
AMZN,357.85
TSLA,1112.66
AAPL,1356.17
GOOG,1095.4
AMZN,1013.01
TSLA,349.15
AAPL,504.33
GOOG,518.38
AMZN,1470.93
TSLA,507.53
AAPL,1465.93
GOOG,936.27
AMZN,1099.75
TSLA,884.1
AAPL,243.16
GOOG,1473.17
AMZN,1385.76
TSLA,302.64
AAPL,740.07
GOOG,103.05
AMZN,1437.32
TSLA,955.99
AAPL,589.13
GOOG,426.46
AMZN,317.63
TSLA,785.31
AAPL,613.47
GOOG,201.17
AMZN,1382.86
TSLA,1205.48
AAPL,477.63
GOOG,1175.85
AMZN,791.5
TSLA,598.23
AAPL,734.91
GOOG,337.27
AMZN,1421.44
TSLA,1364.68
AAPL,604.08
GOOG,987.67
AMZN,117.92
TSLA,173.15
AAPL,102.16
GOOG,867.08
AMZN,326.85
TSLA,536.89
AAPL,736.62
GOOG,1126.22
AMZN,988.67
TSLA,1071.23
AAPL,838.58
GOOG,522.1
AMZN,640.7
TSLA,430.68
AAPL,526.97
GOOG,484.88
AMZN,472.46
TSLA,764.11
AAPL,1484.06
GOOG,744.72
AMZN,1461.36
TSLA,1237.73
AAPL,627.64
GOOG,388.39
AMZN,554.11
TSLA,838.37
AAPL,1076.12
GOOG,144.9
AMZN,988.16
TSLA,174.17
AAPL,1100.17
GOOG,727.5
AMZN,1032.17
TSLA,165.83
AAPL,1164.36
GOOG,1485.13
AMZN,135.92
TSLA,764.18
AAPL,992.57
GOOG,630.16
AMZN,158.65
TSLA,617.59
AAPL,745.49
GOOG,189.53
AMZN,1241.41
TSLA,1437.6
AAPL,576.35
GOOG,560.89
AMZN,1093.29
TSLA,1324.9
AAPL,446.34
GOOG,1439.54
AMZN,936.33
TSLA,1274.52
AAPL,1069.25
GOOG,1025.74
AMZN,345.77
TSLA,348.25
AAPL,1411.15
GOOG,146.39
AMZN,1087.25
TSLA,296.64
AAPL,1201.32
GOOG,504.06
AMZN,1127.49
TSLA,463.84
AAPL,584.05
GOOG,396.3
AMZN,708.87
TSLA,222.41
AAPL,788.78
GOOG,556.83
AMZN,1035.21
TSLA,721.64
AAPL,198.55
GOOG,107.52
AMZN,556.49
TSLA,1368.17
AAPL,149.83
GOOG,1227.26
AMZN,1059.44
TSLA,497.03
AAPL,784.66
GOOG,517.47
AMZN,1062.26
TSLA,1065.21
AAPL,1469.67
GOOG,1229.23
AMZN,274.25
TSLA,393.19
AAPL,1211.87
GOOG,103.93
AMZN,870.89
TSLA,978.6
AAPL,578.8
GOOG,788.03
AMZN,472.55
TSLA,581.66
AAPL,481.85
GOOG,1463.55
AMZN,864.44
TSLA,459.92
AAPL,420.91
GOOG,968.07
AMZN,603.33
TSLA,1028.1
AAPL,1449.0
GOOG,339.87
AMZN,849.57
TSLA,742.56
AAPL,229.2
GOOG,1214.53
AMZN,171.29
TSLA,369.64
AAPL,560.29
GOOG,618.55
AMZN,1363.44
TSLA,1142.9
AAPL,1031.33
GOOG,1317.29
AMZN,869.0
TSLA,837.27
AAPL,341.16
GOOG,1459.99
AMZN,720.32
TSLA,1425.83
AAPL,460.11
GOOG,1238.6
AMZN,1404.28
TSLA,1159.76
AAPL,488.65
GOOG,1068.21
AMZN,1340.4
TSLA,328.17
AAPL,794.9
GOOG,1396.35
AMZN,785.6
TSLA,1045.08
AAPL,862.65
GOOG,866.02
AMZN,1384.65
TSLA,1325.67
AAPL,692.49
GOOG,1489.76
AMZN,570.13
TSLA,169.54
AAPL,1050.41
GOOG,426.98
AMZN,1204.85
TSLA,674.12
AAPL,187.03
GOOG,884.26
AMZN,349.83
TSLA,953.92
AAPL,1141.24
GOOG,1112.14
AMZN,803.82
TSLA,310.52
AAPL,343.64
GOOG,1063.07
AMZN,1278.84
TSLA,193.81
AAPL,788.48
GOOG,125.14
AMZN,610.01
TSLA,872.83
AAPL,435.76
GOOG,1380.0
AMZN,548.67
TSLA,298.11
AAPL,265.38
GOOG,293.09
AMZN,184.7
TSLA,136.2
AAPL,703.55
GOOG,1283.31
AMZN,1038.62
TSLA,484.23
AAPL,139.87
GOOG,415.87
AMZN,979.26
TSLA,844.21
AAPL,778.23
GOOG,388.93
AMZN,244.84
TSLA,637.71
AAPL,716.64
GOOG,388.89
AMZN,443.99
TSLA,1120.01
AAPL,522.33
GOOG,157.8
AMZN,1335.47
TSLA,1434.52
AAPL,1371.42
GOOG,1118.65
AMZN,972.71
TSLA,1423.42
AAPL,847.95
GOOG,180.24
AMZN,1461.22
TSLA,517.64
AAPL,1306.53
GOOG,257.53
AMZN,1354.49
TSLA,1086.4
AAPL,802.6
GOOG,1451.48
AMZN,1052.27
TSLA,383.19
AAPL,719.11
GOOG,1072.6
AMZN,384.33
TSLA,1334.4
AAPL,899.31
GOOG,323.45
AMZN,684.73
TSLA,638.72
AAPL,1368.02
GOOG,1238.75
AMZN,693.96
TSLA,579.82
AAPL,220.14
GOOG,467.77
AMZN,1094.77
TSLA,302.7
AAPL,1495.18
GOOG,496.93
AMZN,1349.31
TSLA,1059.77
AAPL,1319.77
GOOG,878.94
AMZN,237.97
TSLA,944.61
AAPL,918.44
GOOG,1192.65
AMZN,955.87
TSLA,462.52
AAPL,1444.78
GOOG,1428.78
AMZN,1141.35
TSLA,515.61
AAPL,152.91
GOOG,1091.57
AMZN,250.86
TSLA,773.01
AAPL,1031.01
GOOG,293.83
AMZN,799.3
TSLA,1414.06
AAPL,912.79
GOOG,1031.75
AMZN,246.51
TSLA,170.22
AAPL,1184.93
GOOG,476.36
AMZN,1491.85
TSLA,296.6
AAPL,875.22
GOOG,520.04
AMZN,631.58
TSLA,1121.79
AAPL,517.18
GOOG,547.83
AMZN,1160.49
TSLA,413.73
AAPL,619.74
GOOG,1243.89
AMZN,1299.97
TSLA,919.02
AAPL,1334.0
GOOG,1030.26
AMZN,1309.87
TSLA,792.19
AAPL,860.27
GOOG,1451.93
AMZN,1031.18
TSLA,1083.46
AAPL,1010.33
GOOG,272.66
AMZN,1125.42
TSLA,586.52
AAPL,591.83
GOOG,1249.22
AMZN,1273.46
TSLA,1459.62
AAPL,1253.12
GOOG,1153.69
AMZN,289.4
TSLA,929.23
AAPL,1057.65
GOOG,1243.29
AMZN,402.01
TSLA,1340.08
AAPL,1012.46
GOOG,418.95
AMZN,972.37
TSLA,977.34
AAPL,205.06
GOOG,132.54
AMZN,174.57
TSLA,618.76
AAPL,917.07
GOOG,947.34
AMZN,246.97
TSLA,633.76
AAPL,111.76
GOOG,197.11
AMZN,506.09
TSLA,189.7
AAPL,631.73
GOOG,1176.36
AMZN,451.13
TSLA,227.78
AAPL,111.58
GOOG,121.67
AMZN,292.26
TSLA,274.81
AAPL,936.92
GOOG,1045.18
AMZN,970.29
TSLA,1491.84
AAPL,662.13
GOOG,548.01
AMZN,538.77
TSLA,676.18
AAPL,187.9
GOOG,1265.6
AMZN,1366.22
TSLA,154.85
AAPL,1180.14
GOOG,1299.51
AMZN,1379.15
TSLA,1312.91
AAPL,677.63
GOOG,879.82
AMZN,981.66
TSLA,1056.66
AAPL,542.86
GOOG,1204.52
AMZN,704.66
TSLA,184.49
AAPL,288.34
GOOG,652.25
AMZN,955.24
TSLA,342.76
AAPL,1477.85
GOOG,579.52
AMZN,1117.61
TSLA,1307.08
AAPL,839.97
GOOG,184.43
AMZN,461.31
TSLA,992.22
AAPL,602.67
GOOG,1138.2
AMZN,417.28
TSLA,351.35
AAPL,736.88
GOOG,960.4
AMZN,569.64
TSLA,1071.7
AAPL,789.86
GOOG,1177.9
AMZN,600.74
TSLA,671.15
AAPL,219.82
GOOG,1056.97
AMZN,265.13
TSLA,1239.47
AAPL,1363.58
GOOG,711.37
AMZN,1332.86
TSLA,1297.93
AAPL,942.0
GOOG,1464.53
AMZN,1303.79
TSLA,967.05
AAPL,671.0
GOOG,984.4
AMZN,1402.75
TSLA,907.97
AAPL,690.78
GOOG,264.52
AMZN,1272.36
TSLA,854.5
AAPL,1026.19
GOOG,928.62
AMZN,497.9
TSLA,1390.98
AAPL,253.33
GOOG,975.76
AMZN,552.46
TSLA,393.61
AAPL,810.26
GOOG,257.45
AMZN,494.67
TSLA,1444.09
AAPL,1383.64
GOOG,1263.57
AMZN,1278.07
TSLA,1146.33
AAPL,103.76
GOOG,736.23
AMZN,664.81
TSLA,179.83
AAPL,1119.78
GOOG,1341.37
AMZN,316.46
TSLA,1017.13
AAPL,698.86
GOOG,948.34
AMZN,198.59
TSLA,1312.19
AAPL,957.77
GOOG,1229.94
AMZN,490.98
TSLA,784.7
AAPL,1081.62
GOOG,999.18
AMZN,1370.51
TSLA,553.22
AAPL,1277.64
GOOG,173.83
AMZN,177.49
TSLA,1365.95
AAPL,1330.89
GOOG,142.35
AMZN,133.56
TSLA,573.67
AAPL,124.86
GOOG,556.38
AMZN,614.19
TSLA,1239.8
AAPL,172.75
GOOG,966.67
AMZN,1402.79
TSLA,687.04
AAPL,435.57
GOOG,517.95
AMZN,286.61
TSLA,231.35
AAPL,832.07
GOOG,1085.44
AMZN,191.36
TSLA,1387.44
AAPL,391.76
GOOG,1020.57
AMZN,1113.92
TSLA,368.93
AAPL,604.8
GOOG,1249.07
AMZN,632.63
TSLA,641.8
AAPL,798.98
GOOG,592.78
AMZN,1164.27
TSLA,835.24
AAPL,1045.35
GOOG,1198.01
AMZN,423.26
TSLA,748.18
AAPL,676.65
GOOG,411.73
AMZN,833.11
TSLA,845.39
AAPL,457.75
GOOG,1224.89
AMZN,911.99
TSLA,195.55
AAPL,667.28
GOOG,1065.66
AMZN,218.52
TSLA,1195.66
AAPL,1324.58
GOOG,951.44
AMZN,712.21
TSLA,1491.85
AAPL,619.49
GOOG,137.29
AMZN,1495.73
TSLA,221.89
AAPL,152.69
GOOG,509.71
AMZN,704.26
TSLA,895.95
AAPL,1394.24
GOOG,1086.8
AMZN,1059.91
TSLA,1284.25
AAPL,833.72
GOOG,908.93
AMZN,177.88
TSLA,913.31
AAPL,526.23
GOOG,337.1
AMZN,1159.23
TSLA,1391.79
AAPL,304.87
GOOG,973.42
AMZN,1282.89
TSLA,472.86
AAPL,1007.06
GOOG,283.58
AMZN,1153.29
TSLA,528.83
AAPL,1111.34
GOOG,1479.21
AMZN,459.96
TSLA,684.21
AAPL,608.16
GOOG,810.57
AMZN,1440.35
TSLA,1485.83
AAPL,740.85
GOOG,740.88
AMZN,395.25
TSLA,985.82
AAPL,584.63
GOOG,823.96
AMZN,1088.82
TSLA,1298.51
AAPL,1319.53
GOOG,1261.99
AMZN,1393.7
TSLA,324.52
AAPL,1404.66
GOOG,805.15
AMZN,340.21
TSLA,1442.14
AAPL,843.93
GOOG,645.92
AMZN,714.33
TSLA,853.58
AAPL,738.3
GOOG,1393.51
AMZN,1408.96
TSLA,484.85
AAPL,499.07
GOOG,1452.05
AMZN,1421.78
TSLA,898.73
AAPL,242.87
GOOG,1028.48
AMZN,568.08
TSLA,1211.33
AAPL,293.71
GOOG,1399.73
AMZN,1430.86
TSLA,1203.47
AAPL,398.01
GOOG,1174.4
AMZN,1187.09
TSLA,1070.23
AAPL,695.45
GOOG,209.36
AMZN,1190.38
TSLA,1174.06
AAPL,579.57
GOOG,606.88
AMZN,713.61
TSLA,126.51
AAPL,893.8
GOOG,274.8
AMZN,1239.95
TSLA,1353.81
AAPL,327.63
GOOG,725.08
AMZN,328.85
TSLA,192.11
AAPL,447.2
GOOG,710.31
AMZN,289.71
TSLA,442.46
AAPL,1335.11
GOOG,1157.59
AMZN,1000.97
TSLA,1446.44
AAPL,1067.78
GOOG,1167.9
AMZN,1459.72
TSLA,1270.19
AAPL,456.11
GOOG,506.51
AMZN,991.9
TSLA,1446.97
AAPL,297.82
GOOG,421.57
AMZN,554.73
TSLA,271.92
AAPL,1232.59
GOOG,1410.66
AMZN,951.18
TSLA,366.76
AAPL,1061.44
GOOG,235.02
AMZN,126.4
TSLA,1214.66
AAPL,1258.12
GOOG,518.82
AMZN,115.97
TSLA,859.0
AAPL,514.09
GOOG,933.05
AMZN,1314.64
TSLA,743.6
AAPL,302.6
GOOG,710.46
AMZN,165.07
TSLA,348.71
AAPL,1257.03
GOOG,599.52
AMZN,383.85
TSLA,887.13
AAPL,997.34
GOOG,423.94
AMZN,468.73
TSLA,126.41
AAPL,311.47
GOOG,1352.13
AMZN,384.63
TSLA,117.01
AAPL,532.53
GOOG,1487.62
AMZN,1406.74
TSLA,1103.93
AAPL,1362.78
GOOG,539.8
AMZN,1242.53
TSLA,1266.1
AAPL,481.06
GOOG,602.86
AMZN,859.19
TSLA,1159.26
AAPL,1174.84
GOOG,1218.41
AMZN,1387.8
TSLA,862.86
AAPL,607.21
GOOG,965.32
AMZN,925.15
TSLA,1041.39
AAPL,1344.7
GOOG,1071.7
AMZN,701.91
TSLA,430.09
AAPL,733.24
GOOG,1303.8
AMZN,526.86
TSLA,1411.43
AAPL,1159.85
GOOG,1302.43
AMZN,107.86
TSLA,261.02
AAPL,1352.53
GOOG,1299.15
AMZN,787.37
TSLA,221.19
AAPL,142.74
GOOG,820.88
AMZN,207.41
TSLA,1153.49
AAPL,707.57
GOOG,655.07
AMZN,847.23
TSLA,189.82
AAPL,331.71
GOOG,669.52
AMZN,779.68
TSLA,1495.77
AAPL,645.14
GOOG,613.64
AMZN,570.12
TSLA,1313.18
AAPL,280.86
GOOG,1429.52
AMZN,661.91
TSLA,1025.91
AAPL,791.37
GOOG,994.06
AMZN,403.45
TSLA,1118.31
AAPL,1165.73
GOOG,972.74
AMZN,656.36
TSLA,170.87
AAPL,230.55
GOOG,1196.55
AMZN,810.02
TSLA,398.65
AAPL,1199.07
GOOG,510.79
AMZN,970.59
TSLA,615.04
AAPL,1070.89
GOOG,777.87
AMZN,334.96
TSLA,1067.61
AAPL,362.66
GOOG,547.02
AMZN,694.11
TSLA,668.02
AAPL,1366.53
GOOG,633.51
AMZN,209.76
TSLA,1199.44
AAPL,1480.23
GOOG,112.06
AMZN,642.74
TSLA,1456.99
AAPL,697.45
GOOG,1141.35
AMZN,1383.63
TSLA,1288.72
AAPL,233.43
GOOG,140.15
AMZN,256.8
TSLA,119.53
AAPL,1449.12
GOOG,455.56
AMZN,1240.49
TSLA,568.55
AAPL,1049.54
GOOG,1466.97
AMZN,403.36
TSLA,188.79
AAPL,1114.62
GOOG,383.36
AMZN,1043.98
TSLA,1002.71
AAPL,993.34
GOOG,131.41
AMZN,597.71
TSLA,848.87
AAPL,700.84
GOOG,1364.5
AMZN,1253.63
TSLA,207.93
AAPL,1262.83
GOOG,1224.06
AMZN,1057.95
TSLA,1401.12
AAPL,939.48
GOOG,821.3
AMZN,1130.7
TSLA,968.08
AAPL,1445.45
GOOG,446.12
AMZN,279.06
TSLA,338.21
AAPL,923.88
GOOG,1064.25
AMZN,1338.9
TSLA,1298.19
AAPL,690.79
GOOG,1073.46
AMZN,1479.67
TSLA,141.33
AAPL,329.17
GOOG,1326.76
AMZN,1261.44
TSLA,687.15
AAPL,790.12
GOOG,866.52
AMZN,972.81
TSLA,236.11
AAPL,1250.18
GOOG,511.53
AMZN,799.34
TSLA,867.77
AAPL,326.65
GOOG,399.62
AMZN,761.45
TSLA,895.85
AAPL,816.96
GOOG,340.62
AMZN,727.67
TSLA,1072.87
AAPL,890.94
GOOG,1027.3
AMZN,729.96
TSLA,595.32
AAPL,887.61
GOOG,1111.44
AMZN,114.84
TSLA,1143.72
AAPL,544.91
GOOG,349.77
AMZN,1060.18
TSLA,345.12
AAPL,831.3
GOOG,1227.72
AMZN,177.15
TSLA,184.12
AAPL,909.77
GOOG,507.74
AMZN,687.87
TSLA,1066.2
AAPL,983.25
GOOG,1311.12
AMZN,610.96
TSLA,414.35
AAPL,1073.77
GOOG,1146.36
AMZN,1413.1
TSLA,345.35
AAPL,602.28
GOOG,1323.31
AMZN,931.66
TSLA,102.27
AAPL,471.55
GOOG,936.12
AMZN,287.89
TSLA,466.53
AAPL,1354.54
GOOG,372.43
AMZN,1419.24
TSLA,860.03
AAPL,865.83
GOOG,1098.95
AMZN,554.5
TSLA,860.23
AAPL,109.69
GOOG,1311.59
AMZN,1486.61
TSLA,194.52
AAPL,1369.86
GOOG,551.18
AMZN,477.69
TSLA,1271.94
AAPL,206.88
GOOG,424.42
AMZN,1012.16
TSLA,1307.49
AAPL,1435.3
GOOG,218.43
AMZN,1183.05
TSLA,222.87
AAPL,687.97
GOOG,1011.6
AMZN,452.2
TSLA,1159.14
AAPL,1283.18
GOOG,1079.85
AMZN,1228.98
TSLA,290.22
AAPL,1128.14
GOOG,1390.63
AMZN,308.6
TSLA,759.82
AAPL,366.29
GOOG,1406.02
AMZN,886.14
TSLA,672.4
AAPL,263.63
GOOG,863.06
AMZN,329.72
TSLA,870.28
AAPL,243.15
GOOG,780.59
AMZN,185.75
TSLA,1458.03
AAPL,654.61
GOOG,269.76
AMZN,290.63
TSLA,805.42
AAPL,1351.73
GOOG,668.69
AMZN,123.24
TSLA,513.25
AAPL,409.7
GOOG,137.98
AMZN,1107.29
TSLA,296.84
AAPL,459.81
GOOG,1057.37
AMZN,480.99
TSLA,566.33
AAPL,1480.69
GOOG,118.34
AMZN,1404.41
TSLA,660.77
AAPL,759.06
GOOG,1313.72
AMZN,901.58
TSLA,1360.1
AAPL,855.7
GOOG,1386.46
AMZN,1465.93
TSLA,404.81
AAPL,1452.08
GOOG,886.33
AMZN,513.86
TSLA,1235.34
AAPL,1287.93
GOOG,681.89
AMZN,1408.93
TSLA,443.54
AAPL,672.12
GOOG,241.85
AMZN,234.62
TSLA,162.99
AAPL,1254.82
GOOG,645.58
AMZN,1435.78
TSLA,1431.57
AAPL,511.31
GOOG,1247.71
AMZN,110.09
TSLA,844.28
AAPL,745.98
GOOG,186.14
AMZN,1158.57
TSLA,317.21
AAPL,1340.9
GOOG,1063.17
AMZN,298.27
TSLA,891.08
AAPL,1074.74
GOOG,548.87
AMZN,392.99
TSLA,1382.94
AAPL,1008.11
GOOG,735.01
AMZN,969.75
TSLA,707.53
AAPL,386.2
GOOG,1036.86
AMZN,1306.67
TSLA,1089.98
AAPL,727.1
GOOG,223.45
AMZN,310.22
TSLA,1458.52
AAPL,145.92
GOOG,579.54
AMZN,302.0
TSLA,1030.97
AAPL,617.02
GOOG,755.78
AMZN,1063.97
TSLA,525.27
AAPL,445.18
GOOG,913.0
AMZN,615.57
TSLA,809.68
AAPL,173.03
GOOG,965.93
AMZN,1218.98
TSLA,1124.12
AAPL,493.63
GOOG,834.38
AMZN,139.87
TSLA,990.25
AAPL,1407.51
GOOG,129.87
AMZN,1043.57
TSLA,1089.54
AAPL,867.53
GOOG,552.47
AMZN,479.56
TSLA,810.67
AAPL,1470.99
GOOG,1104.63
AMZN,1322.71
TSLA,1077.61
AAPL,109.51
GOOG,313.76
AMZN,205.95
TSLA,369.35
AAPL,1440.01
GOOG,122.66
AMZN,809.93
TSLA,732.92
AAPL,211.18
GOOG,573.41
AMZN,112.33
TSLA,1494.6
AAPL,771.53
GOOG,1067.35
AMZN,1433.83
TSLA,459.67
AAPL,1223.08
GOOG,357.16
AMZN,118.31
TSLA,1402.2
AAPL,107.23
GOOG,666.04
AMZN,808.64
TSLA,307.6
AAPL,119.51
GOOG,1024.88
AMZN,512.21
TSLA,1196.01
AAPL,194.08
GOOG,711.77
AMZN,1324.77
TSLA,233.13
AAPL,584.78
GOOG,843.62
AMZN,965.97
TSLA,1161.03
AAPL,1025.43
GOOG,637.81
AMZN,1447.63
TSLA,772.63
AAPL,103.16
GOOG,1004.76
AMZN,1262.31
TSLA,220.58
AAPL,1421.22
GOOG,1282.06
AMZN,1073.0
TSLA,996.9
AAPL,149.47
GOOG,492.9
AMZN,1181.09
TSLA,339.94
AAPL,464.68
GOOG,961.94
AMZN,863.47
TSLA,236.45
AAPL,417.82
GOOG,235.34
AMZN,995.05
TSLA,369.63
AAPL,1355.42
GOOG,607.9
AMZN,617.07
TSLA,407.41
AAPL,820.97
GOOG,1114.36
AMZN,702.64
TSLA,139.39
AAPL,469.08
GOOG,473.59
AMZN,113.88
TSLA,738.88
AAPL,491.71
GOOG,544.31
AMZN,1231.46
TSLA,613.15
AAPL,1116.82
GOOG,288.54
AMZN,1329.22
TSLA,1273.85
AAPL,1228.35
GOOG,1110.26
AMZN,142.58
TSLA,1497.45
AAPL,668.82
GOOG,164.35
AMZN,279.47
TSLA,893.6
AAPL,473.85
GOOG,1235.63
AMZN,1419.92
TSLA,1195.28
AAPL,1430.53
GOOG,213.14
AMZN,1163.69
TSLA,1248.59
AAPL,800.64
GOOG,169.71
AMZN,1462.68
TSLA,355.37
AAPL,878.79
GOOG,178.75
AMZN,932.75
TSLA,1346.68
AAPL,1306.34
GOOG,743.8
AMZN,1350.43
TSLA,1471.85
AAPL,388.89
GOOG,1159.67
AMZN,503.55
TSLA,1128.93
AAPL,720.04
GOOG,367.84
AMZN,1088.56
TSLA,1427.64
AAPL,132.61
GOOG,165.88
AMZN,665.57
TSLA,1415.41
AAPL,504.56
GOOG,502.57
AMZN,258.3
TSLA,420.41
AAPL,1232.05
GOOG,1398.52
AMZN,1401.35
TSLA,852.86
AAPL,932.56
GOOG,297.28
AMZN,683.83
TSLA,410.79
AAPL,1265.13
GOOG,638.6
AMZN,948.96
TSLA,437.96
AAPL,1031.69
GOOG,830.29
AMZN,928.45
TSLA,1036.03
AAPL,636.52
GOOG,667.15
AMZN,1352.4
TSLA,1347.9
AAPL,1443.56
GOOG,648.67
AMZN,828.24
TSLA,654.84
AAPL,265.22
GOOG,612.51
AMZN,1115.27
TSLA,1499.9
AAPL,1135.77
GOOG,915.58
AMZN,1451.74
TSLA,923.94
AAPL,1160.85
GOOG,1095.25
AMZN,1335.04
TSLA,363.13
AAPL,600.95
GOOG,1459.14
AMZN,847.66
TSLA,164.22
AAPL,1107.31
GOOG,161.32
AMZN,668.27
TSLA,286.06
AAPL,877.58
GOOG,581.02
AMZN,1028.2
TSLA,1234.64
AAPL,305.26
GOOG,368.65
AMZN,740.4
TSLA,817.38
AAPL,657.43
GOOG,276.17
AMZN,307.21
TSLA,900.86
AAPL,626.87
GOOG,269.5
AMZN,1457.79
TSLA,590.37
AAPL,799.05
GOOG,447.77
AMZN,1453.2
TSLA,1025.91
AAPL,1385.86
GOOG,1115.44
AMZN,784.6
TSLA,596.36
AAPL,1290.3
GOOG,338.34
AMZN,840.64
TSLA,377.16
AAPL,411.74
GOOG,868.34
AMZN,523.13
TSLA,1345.71
AAPL,233.16
GOOG,116.39
AMZN,1462.76
TSLA,1230.75
AAPL,379.51
GOOG,998.98
AMZN,1243.66
TSLA,182.15
AAPL,140.75
GOOG,325.21
AMZN,626.58
TSLA,900.3
AAPL,1499.13
GOOG,502.07
AMZN,685.23
TSLA,353.87
AAPL,713.21
GOOG,1229.83
AMZN,660.05
TSLA,276.46
AAPL,1403.31
GOOG,165.86
AMZN,1099.5
TSLA,1082.99
AAPL,1251.86
GOOG,1391.7
AMZN,358.08
TSLA,390.37
AAPL,306.08
GOOG,1473.82
AMZN,218.32
TSLA,208.35
AAPL,536.53
GOOG,948.51
AMZN,1133.46
TSLA,416.21
AAPL,977.73
GOOG,716.99
AMZN,377.48
TSLA,1059.4
AAPL,254.65
GOOG,333.61
AMZN,543.89
TSLA,583.35
AAPL,395.39
GOOG,833.3
AMZN,1420.39
TSLA,484.37
AAPL,682.85
GOOG,1151.54
AMZN,776.95
TSLA,1159.73
AAPL,526.46
GOOG,1408.38
AMZN,341.14
TSLA,1118.8
AAPL,395.05
GOOG,1091.43
AMZN,323.0
TSLA,998.39
AAPL,1130.72
GOOG,938.76
AMZN,609.21
TSLA,272.23
AAPL,707.33
GOOG,1013.07
AMZN,1214.34
TSLA,237.54
AAPL,707.98
GOOG,1073.7
AMZN,783.41
TSLA,1353.13
AAPL,1280.25
GOOG,922.77
AMZN,1221.7
TSLA,172.7
AAPL,251.05
GOOG,1109.24
AMZN,874.96
TSLA,344.86
AAPL,1187.5
GOOG,535.3
AMZN,784.85
TSLA,1350.93
AAPL,700.18
GOOG,1194.14
AMZN,1076.13
TSLA,889.86
AAPL,195.65
GOOG,532.0
AMZN,539.25
TSLA,576.9
AAPL,435.75
GOOG,1457.94
AMZN,519.29
TSLA,1337.34
AAPL,163.38
GOOG,1013.22
AMZN,1043.95
TSLA,656.27
AAPL,432.71
GOOG,1273.6
AMZN,330.06
TSLA,821.21
AAPL,1370.65
GOOG,1165.53
AMZN,680.87
TSLA,647.62
AAPL,104.98
GOOG,536.23
AMZN,1476.65
TSLA,247.63
AAPL,1263.71
GOOG,1272.67
AMZN,273.9
TSLA,870.96
AAPL,644.84
GOOG,1438.08
AMZN,1081.58
TSLA,1109.67
AAPL,1131.81
GOOG,799.61
AMZN,579.65
TSLA,696.68
AAPL,646.88
GOOG,168.97
AMZN,1075.18
TSLA,920.91
AAPL,730.58
GOOG,638.06
AMZN,1144.76
TSLA,419.03
AAPL,150.66
GOOG,220.5
AMZN,140.41
TSLA,278.49
AAPL,655.42
GOOG,901.57
AMZN,452.8
TSLA,248.84
AAPL,453.05
GOOG,1445.85
AMZN,852.34
TSLA,160.67
AAPL,1151.86
GOOG,1446.57
AMZN,770.57
TSLA,556.49
AAPL,189.28
GOOG,228.86
AMZN,437.6
TSLA,1110.44
AAPL,309.88
GOOG,1423.15
AMZN,475.62
TSLA,352.61
AAPL,1310.15
GOOG,631.23
AMZN,1382.16
TSLA,175.33
AAPL,582.76
GOOG,894.93
AMZN,1392.22
TSLA,1074.25
AAPL,1027.41
GOOG,1010.69
AMZN,382.0
TSLA,1449.61
AAPL,1292.44
GOOG,1238.74
AMZN,193.79
TSLA,1274.32
AAPL,963.37
GOOG,1487.04
AMZN,1456.74
TSLA,1496.36
AAPL,268.23
GOOG,290.21
AMZN,1385.3
TSLA,1474.07
AAPL,953.82
GOOG,298.13
AMZN,1113.77
TSLA,1075.62
AAPL,349.85
GOOG,1109.72
AMZN,143.62
TSLA,1160.28
AAPL,1099.29
GOOG,1289.63
AMZN,802.21
TSLA,530.94
AAPL,1198.16
GOOG,1131.84
AMZN,935.93
TSLA,119.68
AAPL,567.04
GOOG,329.96
AMZN,1498.99
TSLA,662.72
AAPL,177.47
GOOG,369.62
AMZN,805.95
TSLA,757.59
AAPL,605.55
GOOG,679.54
AMZN,446.12
TSLA,101.91
AAPL,913.54
GOOG,204.36
AMZN,324.27
TSLA,1414.64
AAPL,938.15
GOOG,546.49
AMZN,1009.14
TSLA,122.3
AAPL,539.27
GOOG,945.35
AMZN,517.29
TSLA,182.54
AAPL,329.21
GOOG,1455.96
AMZN,1045.8
TSLA,424.77
AAPL,975.85
GOOG,167.91
AMZN,1009.05
TSLA,686.39
AAPL,924.17
GOOG,343.24
AMZN,415.0
TSLA,916.77
AAPL,287.21
GOOG,141.16
AMZN,801.85
TSLA,1301.47
AAPL,932.7
GOOG,655.02
AMZN,1016.02
TSLA,1160.47
AAPL,773.23
GOOG,552.43
AMZN,698.58
TSLA,780.37
AAPL,1011.38
GOOG,817.42
AMZN,305.14
TSLA,260.87
AAPL,968.27
GOOG,992.87
AMZN,583.15
TSLA,924.43
AAPL,573.33
GOOG,1343.8
AMZN,335.33
TSLA,1221.47
AAPL,395.72
GOOG,1250.54
AMZN,198.37
TSLA,800.65
AAPL,1264.98
GOOG,1107.56
AMZN,1368.65
TSLA,771.53
AAPL,262.18
GOOG,326.57
AMZN,1435.41
TSLA,1439.43
AAPL,840.67
GOOG,155.28
AMZN,1183.97
TSLA,1349.6
AAPL,1249.91
GOOG,450.2
AMZN,890.49
TSLA,1123.12
AAPL,1203.12
GOOG,1335.67
AMZN,1489.98
TSLA,1455.82
AAPL,287.91
GOOG,359.04
AMZN,838.71
TSLA,500.63
AAPL,997.13
GOOG,437.56
AMZN,672.85
TSLA,296.44
AAPL,431.82
GOOG,702.13
AMZN,762.2
TSLA,1289.24
AAPL,902.16
GOOG,1112.3
AMZN,808.71
TSLA,460.88
AAPL,381.46
GOOG,579.67
AMZN,222.64
TSLA,988.7
AAPL,487.3
GOOG,480.7
AMZN,1293.26
TSLA,326.8
AAPL,368.02
GOOG,920.16
AMZN,769.12
TSLA,1466.08
AAPL,501.87
GOOG,1436.34
AMZN,319.23
TSLA,629.31
AAPL,514.58
GOOG,188.13
AMZN,715.49
TSLA,1425.14
AAPL,883.68
GOOG,555.65
AMZN,772.11
TSLA,543.36
AAPL,1267.72
GOOG,1190.05
AMZN,1294.17
TSLA,439.81
AAPL,1441.96
GOOG,368.49
AMZN,495.96
TSLA,993.59
AAPL,733.78
GOOG,755.97
AMZN,802.8
TSLA,589.48
AAPL,1193.38
GOOG,862.23
AMZN,518.31
TSLA,1232.74
AAPL,1427.77
GOOG,1057.64
AMZN,841.2
TSLA,1186.53
AAPL,994.73
GOOG,859.54
AMZN,232.54
TSLA,613.66
AAPL,679.74
GOOG,828.03
AMZN,990.14
TSLA,101.67
AAPL,345.81
GOOG,1098.87
AMZN,601.53
TSLA,1016.36
AAPL,1462.92
GOOG,254.28
AMZN,1224.14
TSLA,813.92
AAPL,1247.9
GOOG,479.77
AMZN,1272.16
TSLA,720.86
AAPL,239.26
GOOG,239.65
AMZN,534.17
TSLA,1222.99
AAPL,1264.69
GOOG,1381.0
AMZN,778.96
TSLA,247.95
AAPL,1025.48
GOOG,689.56
AMZN,614.21
TSLA,1447.99
AAPL,1197.17
GOOG,1296.52
AMZN,988.78
TSLA,593.68
AAPL,837.6
GOOG,1301.64
AMZN,236.46
TSLA,967.61
AAPL,1257.42
GOOG,780.89
AMZN,646.44
TSLA,1175.27
AAPL,385.48
GOOG,604.77
AMZN,942.91
TSLA,717.42
AAPL,1080.15
GOOG,301.62
AMZN,712.58
TSLA,450.11
AAPL,708.69
GOOG,390.95
AMZN,1306.06
TSLA,638.04
AAPL,209.35
GOOG,1097.46
AMZN,324.9
TSLA,440.42
AAPL,1415.11
GOOG,607.38
AMZN,450.18
TSLA,726.16
AAPL,927.71
GOOG,1186.65
AMZN,1473.06
TSLA,894.98
AAPL,1177.0
GOOG,544.84
AMZN,183.22
TSLA,711.89
AAPL,682.69
GOOG,172.29
AMZN,1355.44
TSLA,772.73
AAPL,636.91
GOOG,1156.03
AMZN,1291.33
TSLA,511.44
AAPL,1264.36
GOOG,1034.89
AMZN,801.63
TSLA,1257.31
AAPL,1294.78
GOOG,1103.76
AMZN,337.04
TSLA,572.45
AAPL,188.08
GOOG,623.97
AMZN,1260.29
TSLA,921.42
AAPL,236.8
GOOG,1313.11
AMZN,1073.94
TSLA,365.61
AAPL,824.13
GOOG,790.51
AMZN,458.46
TSLA,593.04
AAPL,433.28
GOOG,1179.76
AMZN,158.2
TSLA,1279.17
AAPL,409.95
GOOG,966.59
AMZN,1429.32
TSLA,841.51
AAPL,412.08
GOOG,530.22
AMZN,1201.77
TSLA,279.99
AAPL,684.53
GOOG,621.63
AMZN,1200.88
TSLA,1394.51
AAPL,391.39
GOOG,1461.38
AMZN,202.09
TSLA,430.02
AAPL,507.88
GOOG,1111.84
AMZN,975.87
TSLA,1407.04
AAPL,1028.3
GOOG,1140.76
AMZN,804.12
TSLA,580.31
AAPL,824.45
GOOG,1344.47
AMZN,753.56
TSLA,561.23
AAPL,747.12
GOOG,551.26
AMZN,1308.48
TSLA,104.8
AAPL,112.17
GOOG,1429.22
AMZN,417.69
TSLA,918.06
AAPL,746.64
GOOG,1093.42
AMZN,231.38
TSLA,1439.47
AAPL,101.18
GOOG,1004.55
AMZN,273.6
TSLA,705.17
AAPL,820.71
GOOG,1158.86
AMZN,901.38
TSLA,1391.82
AAPL,788.66
GOOG,1415.63
AMZN,126.4
TSLA,922.33
AAPL,1081.69
GOOG,243.0
AMZN,526.87
TSLA,1160.18
AAPL,857.82
GOOG,516.2
AMZN,486.06
TSLA,235.14
AAPL,1343.9
GOOG,1455.05
AMZN,756.21
TSLA,1365.64
AAPL,1191.87
GOOG,991.1
AMZN,110.52
TSLA,1343.7
AAPL,388.0
GOOG,1114.58
AMZN,634.48
TSLA,537.53
AAPL,1124.1
GOOG,1402.91
AMZN,962.88
TSLA,1398.05
AAPL,624.38
GOOG,1167.23
AMZN,293.73
TSLA,1056.62
AAPL,729.17
GOOG,543.68
AMZN,1007.9
TSLA,187.11
AAPL,1416.71
GOOG,189.74
AMZN,541.45
TSLA,284.45
AAPL,1085.76
GOOG,323.07
AMZN,1194.27
TSLA,201.94
AAPL,617.44
GOOG,1396.62
AMZN,331.16
TSLA,658.33
AAPL,163.23
GOOG,1161.31
AMZN,1410.35
TSLA,1198.96
AAPL,828.5
GOOG,553.9
AMZN,1003.95
TSLA,1027.05
AAPL,1068.51
GOOG,398.18
AMZN,1477.7
TSLA,731.35
AAPL,1328.1
GOOG,1442.62
AMZN,708.64
TSLA,192.0
AAPL,1358.22
GOOG,595.56
AMZN,820.39
TSLA,1477.53
AAPL,1325.88
GOOG,467.43
AMZN,1264.51
TSLA,876.89
AAPL,1120.55
GOOG,581.16
AMZN,1151.02
TSLA,647.88
AAPL,906.98
GOOG,873.89
AMZN,467.86
TSLA,702.58
AAPL,1451.89
GOOG,199.39
AMZN,916.4
TSLA,1388.42
AAPL,596.16
GOOG,911.16
AMZN,258.32
TSLA,886.98
AAPL,1169.26
GOOG,1287.93
AMZN,234.22
TSLA,1037.32
AAPL,138.66
GOOG,1224.31
AMZN,1265.69
TSLA,292.61
AAPL,781.48
GOOG,208.41
AMZN,161.39
TSLA,535.93
AAPL,163.04
GOOG,109.8
AMZN,462.04
TSLA,1445.58
AAPL,344.71
GOOG,1360.21
AMZN,1128.47
TSLA,281.13
AAPL,1309.26
GOOG,1379.29
AMZN,210.9
TSLA,647.04
AAPL,415.19
GOOG,144.4
AMZN,1249.16
TSLA,785.01
AAPL,1335.34
GOOG,946.9
AMZN,867.3
TSLA,193.84
AAPL,1025.06
GOOG,439.08
AMZN,656.47
TSLA,280.09
AAPL,480.75
GOOG,1039.08
AMZN,974.07
TSLA,1243.94
AAPL,127.34
GOOG,232.06
AMZN,693.67
TSLA,1205.53
AAPL,148.46
GOOG,583.6
AMZN,1303.72
TSLA,445.87
AAPL,1270.35
GOOG,475.98
AMZN,1259.79
TSLA,1373.63
AAPL,182.74
GOOG,1200.88
AMZN,404.7
TSLA,752.02
AAPL,576.83
GOOG,1245.72
AMZN,425.12
TSLA,489.86
AAPL,666.03
GOOG,1329.35
AMZN,1391.87
TSLA,140.07
AAPL,1443.73
GOOG,105.59
AMZN,362.1
TSLA,817.57
AAPL,1114.36
GOOG,114.92
AMZN,1422.86
TSLA,838.88
AAPL,683.35
GOOG,112.24
AMZN,815.87
TSLA,154.72
AAPL,426.53
GOOG,834.18
AMZN,669.47
TSLA,1063.42
AAPL,1355.09
GOOG,498.66
AMZN,1250.0
TSLA,866.12
AAPL,915.97
GOOG,694.14
AMZN,1043.93
TSLA,193.2
AAPL,1058.72
GOOG,887.92
AMZN,933.21
TSLA,1218.53
AAPL,1040.4
GOOG,769.98
AMZN,435.31
TSLA,903.95
AAPL,352.19
GOOG,609.68
AMZN,672.72
TSLA,975.23
AAPL,395.91
GOOG,1217.19
AMZN,178.73
TSLA,157.95
AAPL,708.43
GOOG,263.41
AMZN,693.06
TSLA,986.43
AAPL,1143.11
GOOG,654.34
AMZN,1026.55
TSLA,576.46
AAPL,110.79
GOOG,904.78
AMZN,1493.71
TSLA,1478.16
AAPL,958.33
GOOG,251.01
AMZN,311.76
TSLA,1042.27
AAPL,949.15
GOOG,998.84
AMZN,1470.45
TSLA,1278.47
AAPL,1423.75
GOOG,315.26
AMZN,381.49
TSLA,289.33
AAPL,981.18
GOOG,237.36
AMZN,1154.04
TSLA,358.71
AAPL,261.97
GOOG,261.72
AMZN,607.36
TSLA,390.47
AAPL,1431.6
GOOG,1274.84
AMZN,265.32
TSLA,838.34
AAPL,747.08
GOOG,209.18
AMZN,571.96
TSLA,1010.7
AAPL,358.03
GOOG,1238.84
AMZN,546.23
TSLA,151.52
AAPL,616.76
GOOG,956.4
AMZN,328.99
TSLA,1335.71
AAPL,101.91
GOOG,554.88
AMZN,822.83
TSLA,815.15
AAPL,1259.25
GOOG,1386.33
AMZN,227.92
TSLA,1459.86
AAPL,1244.97
GOOG,375.38
AMZN,521.26
TSLA,147.29
AAPL,345.38
GOOG,571.93
AMZN,1112.44
TSLA,820.32
AAPL,231.5
GOOG,1215.21
AMZN,1289.92
TSLA,307.26
AAPL,440.37
GOOG,638.49
AMZN,909.24
TSLA,179.25
AAPL,1095.2
GOOG,215.32
AMZN,980.06
TSLA,975.26
AAPL,815.05
GOOG,959.87
AMZN,531.72
TSLA,477.42
AAPL,837.55
GOOG,1263.74
AMZN,619.49
TSLA,1255.43
AAPL,635.12
GOOG,339.75
AMZN,878.2
TSLA,487.9
AAPL,479.19
GOOG,1186.38
AMZN,831.95
TSLA,1418.67
AAPL,767.57
GOOG,1475.01
AMZN,119.49
TSLA,297.53
AAPL,280.96
GOOG,989.21
AMZN,534.06
TSLA,659.36
AAPL,417.54
GOOG,1126.13
AMZN,878.03
TSLA,1301.51
AAPL,1463.69
GOOG,569.93
AMZN,564.29
TSLA,1192.69
AAPL,1116.77
GOOG,946.43
AMZN,1003.21
TSLA,145.5
AAPL,1282.98
GOOG,977.18
AMZN,473.69
TSLA,1116.03
AAPL,723.54
GOOG,1297.83
AMZN,1438.93
TSLA,189.66
AAPL,1411.28
GOOG,1341.61
AMZN,418.89
TSLA,1136.73
AAPL,809.21
GOOG,847.75
AMZN,1485.38
TSLA,534.62
AAPL,344.63
GOOG,371.12
AMZN,1119.39
TSLA,956.43
AAPL,921.21
GOOG,478.04
AMZN,1453.29
TSLA,860.86
AAPL,490.82
GOOG,1375.2
AMZN,1160.66
TSLA,112.88
AAPL,1406.8
GOOG,224.65
AMZN,256.57
TSLA,825.74
AAPL,873.42
GOOG,162.59
AMZN,1201.96
TSLA,324.09
AAPL,1110.67
GOOG,1062.07
AMZN,719.9
TSLA,1036.28
AAPL,862.82
GOOG,914.24
AMZN,786.37
TSLA,488.94
AAPL,579.4
GOOG,1292.38
AMZN,935.95
TSLA,566.89
AAPL,989.33
GOOG,1375.39
AMZN,150.32
TSLA,1108.67
AAPL,1404.82
GOOG,577.1
AMZN,1220.95
TSLA,492.87
AAPL,617.95
GOOG,1102.82
AMZN,1213.24
TSLA,937.44
AAPL,726.09
GOOG,150.0
AMZN,1324.82
TSLA,232.91
AAPL,813.49
GOOG,724.35
AMZN,748.99
TSLA,345.41
AAPL,514.5
GOOG,132.12
AMZN,644.62
TSLA,1188.02
AAPL,644.52
GOOG,967.85
AMZN,929.26
TSLA,711.24
AAPL,1341.32
GOOG,522.26
AMZN,287.56
TSLA,963.28
AAPL,1493.29
GOOG,1016.73
AMZN,928.29
TSLA,1066.95
AAPL,873.52
GOOG,807.26
AMZN,140.13
TSLA,137.7
AAPL,958.57
GOOG,435.54
AMZN,558.49
TSLA,744.62
AAPL,674.42
GOOG,953.63
AMZN,629.38
TSLA,1438.71
AAPL,1175.6
GOOG,1361.73
AMZN,209.86
TSLA,597.63
AAPL,1208.79
GOOG,124.32
AMZN,601.81
TSLA,1311.89
AAPL,1169.76
GOOG,408.66
AMZN,867.0
TSLA,869.52
AAPL,600.98
GOOG,1362.64
AMZN,371.35
TSLA,205.35
AAPL,179.2
GOOG,121.11
AMZN,465.21
TSLA,418.48
AAPL,212.52
GOOG,399.49
AMZN,1386.68
TSLA,1093.59
AAPL,739.22
GOOG,909.58
AMZN,684.78
TSLA,1332.72
AAPL,1002.16
GOOG,280.83
AMZN,1310.5
TSLA,1235.56
AAPL,1164.4
GOOG,1365.96
AMZN,517.9
TSLA,159.49
AAPL,1426.13
GOOG,406.95
AMZN,686.5
TSLA,366.36
AAPL,815.71
GOOG,541.38
AMZN,387.77
TSLA,1364.99
AAPL,1215.45
GOOG,304.35
AMZN,876.57
TSLA,1206.01
AAPL,1068.46
GOOG,916.32
AMZN,670.45
TSLA,966.61
AAPL,1022.17
GOOG,1119.18
AMZN,978.07
TSLA,511.72
AAPL,466.77
GOOG,1044.91
AMZN,563.04
TSLA,997.43
AAPL,686.05
GOOG,607.78
AMZN,1416.05
TSLA,1056.15
AAPL,434.78
GOOG,998.37
AMZN,1362.66
TSLA,227.05
AAPL,972.4
GOOG,417.61
AMZN,1340.87
TSLA,923.35
AAPL,893.25
GOOG,769.32
AMZN,941.47
TSLA,1282.87
AAPL,883.62
GOOG,309.17
AMZN,624.02
TSLA,634.49
AAPL,645.69
GOOG,1260.84
AMZN,368.41
TSLA,361.97
AAPL,796.17
GOOG,1179.93
AMZN,165.37
TSLA,167.37
